-- phpMyAdmin SQL Dump
-- version 5.0.4
-- https://www.phpmyadmin.net/
--
-- 主機： 127.0.0.1
-- 產生時間： 2021-05-05 16:29:36
-- 伺服器版本： 10.4.17-MariaDB
-- PHP 版本： 8.0.1

SET SQL_MODE = "NO_AUTO_VALUE_ON_ZERO";
START TRANSACTION;
SET time_zone = "+00:00";


/*!40101 SET @OLD_CHARACTER_SET_CLIENT=@@CHARACTER_SET_CLIENT */;
/*!40101 SET @OLD_CHARACTER_SET_RESULTS=@@CHARACTER_SET_RESULTS */;
/*!40101 SET @OLD_COLLATION_CONNECTION=@@COLLATION_CONNECTION */;
/*!40101 SET NAMES utf8mb4 */;

--
-- 資料庫： `wc_db`
--

-- --------------------------------------------------------

--
-- 資料表結構 `classification`
--

CREATE TABLE `classification` (
  `Codename` varchar(10) NOT NULL,
  `Place` varchar(100) NOT NULL
) ENGINE=InnoDB DEFAULT CHARSET=utf8mb4;

--
-- 傾印資料表的資料 `classification`
--

INSERT INTO `classification` (`Codename`, `Place`) VALUES
('A1', '便利商店-7-ELEVEN'),
('A2', '便利商店- FamilyMart 全家'),
('A3', '便利商店-Hi-Life 萊爾富'),
('A4', '便利商店-OK超商'),
('B1', '咖啡廳-星巴克 Starbucks'),
('B2', '路易莎咖啡LOUISA COFFEE'),
('C1', '速食店-麥當勞McDonald\'s'),
('C2', '速食店-肯德基KFC'),
('C3', '速食店-MOS BURGER'),
('D1', '公家機關'),
('E1', '量販店-家樂福'),
('E2', '量販店-愛買'),
('E3', '量販店-大買家'),
('E4', '量販店-其他'),
('F1', '百貨'),
('G1', '加油站'),
('H1', '大眾運輸-捷運站');

-- --------------------------------------------------------

--
-- 資料表結構 `customerservice`
--

CREATE TABLE `customerservice` (
  `Id` int(10) UNSIGNED NOT NULL,
  `Author` varchar(100) NOT NULL,
  `Postcontent` varchar(3000) NOT NULL,
  `Postingtime` datetime NOT NULL,
  `Replycontent` varchar(3000) NOT NULL,
  `Replytime` datetime NOT NULL
) ENGINE=InnoDB DEFAULT CHARSET=utf8mb4;

-- --------------------------------------------------------

--
-- 資料表結構 `member`
--

CREATE TABLE `member` (
  `Id` int(10) UNSIGNED NOT NULL,
  `Username` varchar(20) NOT NULL,
  `Password` varchar(20) NOT NULL
) ENGINE=InnoDB DEFAULT CHARSET=utf8mb4;

--
-- 傾印資料表的資料 `member`
--

INSERT INTO `member` (`Id`, `Username`, `Password`) VALUES
(1, 'admin', 'admin');

-- --------------------------------------------------------

--
-- 資料表結構 `reportstatus`
--

CREATE TABLE `reportstatus` (
  `Id` int(10) UNSIGNED NOT NULL,
  `Wcid` int(10) UNSIGNED NOT NULL,
  `Status` varchar(1) NOT NULL,
  `Type` varchar(1) NOT NULL,
  `Reporttime` datetime NOT NULL
) ENGINE=InnoDB DEFAULT CHARSET=utf8mb4;

-- --------------------------------------------------------

--
-- 資料表結構 `wc`
--

CREATE TABLE `wc` (
  `Id` int(10) UNSIGNED NOT NULL,
  `City` varchar(20) NOT NULL,
  `District` varchar(20) NOT NULL,
  `Address` varchar(255) NOT NULL,
  `Latitude` double NOT NULL DEFAULT 0,
  `Longitude` double NOT NULL DEFAULT 0,
  `Classification` varchar(10) NOT NULL,
  `Shopname` varchar(20) DEFAULT NULL,
  `Type` int(10) UNSIGNED NOT NULL,
  `Businesshours` varchar(20) DEFAULT NULL
) ENGINE=InnoDB DEFAULT CHARSET=utf8mb4;

--
-- 傾印資料表的資料 `wc`
--

INSERT INTO `wc` (`Id`, `City`, `District`, `Address`, `Latitude`, `Longitude`, `Classification`, `Shopname`, `Type`, `Businesshours`) VALUES
(1, '臺中市', '南屯區', '台中市南屯區中和里黎明路一段263號', 24.11817897677606, 120.62746020000009, 'A1', '上楓樹', 1, 'F'),
(2, '臺中市', '南屯區', '台中市南屯區五權西路二段185號', 24.13985488594648, 120.65009790242, 'A1', '大進', 1, 'F'),
(3, '臺中市', '南屯區', '台中市南屯區五權西路三段350號', 24.162304517285644, 120.60611802207076, 'A1', '工站', 1, 'F'),
(4, '臺中市', '南屯區', '台中市南屯區忠勇路105之27號1樓', 24.15183586343443, 120.61584810040598, 'A1', '中勇', 1, 'F'),
(5, '臺中市', '南屯區', '台中市南屯區嶺東路806號', 24.150649449194045, 120.6123808420721, 'A1', '文嶺', 1, 'F'),
(6, '臺中市', '南屯區', '台中市南屯區黎明路二段193號', 24.146811361237884, 120.63600670564118, 'A1', '向上', 1, 'F'),
(7, '臺中市', '南屯區', '台中市南屯區五權西路二段412號1樓', 24.140378150970616, 120.64490168247, 'A1', '向權', 1, 'F'),
(8, '臺中市', '南屯區', '台中市南屯區大進街387號1樓.大墩十二街151號1樓', 24.149888382080338, 120.65136638201878, 'A1', '昌進', 1, 'F'),
(9, '臺中市', '南屯區', '台中市南屯區南屯路二段570號', 24.138495306683932, 120.6417792981034, 'A1', '南屯', 1, 'F'),
(10, '臺中市', '南屯區', '台中市南屯區環中路四段6號', 24.148933809341997, 120.62312668580094, 'A1', '哈魚', 1, 'F'),
(11, '臺中市', '南屯區', '台中市南屯區嶺東南路165號', 24.13548073626615, 120.6102805144781, 'A1', '春安', 1, 'F'),
(12, '臺中市', '南屯區', '台中市南屯區向心南路928號930號', 24.1361245871798, 120.64404125992976, 'A1', '海德堡', 1, 'F'),
(13, '臺中市', '南屯區', '台中市南屯區公益路二段939號1樓.龍富路四段552號1樓', 24.151541863270772, 120.62675166073969, 'A1', '富亦', 1, 'F'),
(14, '臺中市', '南屯區', '台中市南屯區永春東路1230號', 24.136611311922746, 120.6342844168142, 'A1', '詠豐', 1, 'F'),
(15, '臺中市', '南屯區', '台中市南屯區大業路177號', 24.15349291648467, 120.6512678528791, 'A1', '鄉林', 1, 'F'),
(16, '臺中市', '南屯區', '台中市南屯區永春南路136號138號', 24.13866284160305, 120.60898689826834, 'A1', '新春社', 1, 'F'),
(17, '臺中市', '南屯區', '台中市南屯區東興路二段98號1樓', 24.138783096320257, 120.653140596678, 'A1', '新墩興', 1, 'F'),
(18, '臺中市', '南屯區', '台中市南屯區豐樂里永春東路860號', 24.135020539882774, 120.64117583529546, 'A1', '新豐功', 1, 'F'),
(19, '臺中市', '南屯區', '台中市南屯區河南路四段442號446號1,2樓', 24.1503608927721, 120.637269122442, 'A1', '瑞陽', 1, 'F'),
(20, '臺中市', '南屯區', '台中市南屯區黎明路一段142號', 24.1152486084736, 120.6265458401413, 'A1', '精田', 1, 'F'),
(21, '臺中市', '南屯區', '台中市南屯區嶺東路368號', 24.1452765438947, 120.610912442954, 'A1', '精科', 1, 'F'),
(22, '臺中市', '南屯區', '台中市南屯區向上路五段289號', 24.1509313962518, 120.60819559667829, 'A1', '精站', 1, 'F'),
(23, '臺中市', '南屯區', '台中市南屯區溝墘里大墩十一街330號1樓', 24.1489796304572, 120.64532309190598, 'A1', '墩正', 1, 'F'),
(24, '臺中市', '南屯區', '台中市南屯區南屯路二段212號1樓', 24.1367636844086, 120.65012342612576, 'A1', '墩南', 1, 'F'),
(25, '臺中市', '南屯區', '台中市南屯區大墩路572號', 24.1497010191699, 120.65001683453059, 'A1', '墩富', 1, 'F'),
(26, '臺中市', '南屯區', '台中市南屯區大墩路717-5號', 24.1534643051196, 120.64965439707605, 'A1', '墩業', 1, 'F'),
(27, '臺中市', '南屯區', '台中市南屯區永春東路96號', 24.1351478632691, 120.65321551045832, 'A1', '興春', 1, 'F'),
(28, '臺中市', '南屯區', '台中市南屯區永春南路58號', 24.1385293632371, 120.61146873010446, 'A1', '嶺中', 1, 'F'),
(29, '臺中市', '南屯區', '台中市南屯區向上路二段376號', 24.1472683962733, 120.6384866672305, 'A1', '豐河', 1, 'F'),
(30, '臺中市', '南屯區', '台中市南屯區五權西路二段812號', 24.1436701972533, 120.63560684977703, 'A1', '權旺', 1, 'F'),
(31, '臺中市', '南屯區', '台中市南屯區五權西路二段62號', 24.140305820986, 120.65282650025675, 'A1', '權興', 1, 'F'),
(32, '臺中市', '南屯區', '台中市南屯區文山路20號和22號', 24.1443589962911, 120.61004141884035, 'A1', '鑫文山', 1, 'F'),
(33, '臺中市', '南屯區', '台中市南屯區五權西路二段882號', 24.1447413962899, 120.63397296723045, 'A1', '鑫權勝', 1, 'F'),
(34, '臺中市', '南屯區', '台中市南屯區惠中里大墩十一街288號、290號1樓', 24.1490293473238, 120.64796351427104, 'A2', '台中墩鴻', 1, 'F'),
(35, '臺中市', '南屯區', '台中市南屯區大墩十一街642號', 24.1489150599287, 120.63752169875902, 'A2', '台中大河', 1, 'F'),
(36, '臺中市', '南屯區', '台中市南屯區大墩十七街119號1樓', 24.155434758521, 120.648248675446, 'A2', '台中墩陽', 1, 'F'),
(37, '臺中市', '南屯區', '台中市南屯區大墩南路332號、336號1樓', 24.1320988083036, 120.65007309667799, 'A2', '台中大鼎', 1, 'F'),
(38, '臺中市', '南屯區', '台中市南屯區大墩路161號', 24.1408616963147, 120.64972262612581, 'A2', '台中敦親', 1, 'F'),
(39, '臺中市', '南屯區', '台中市南屯區大墩路514號1樓', 24.1489132420034, 120.649924359033, 'A2', '台中十一街', 1, 'F'),
(40, '臺中市', '南屯區', '台中市南屯區五權西路二段1172號', 24.1486836081348, 120.62634022612605, 'A2', '台中龍富二', 1, 'F'),
(41, '臺中市', '南屯區', '台中市南屯區五權西路三段177號、179號', 24.1539337383169, 120.61286526277216, 'A2', '台中嶺南', 1, 'F'),
(42, '臺中市', '南屯區', '台中市南屯區公益路二段631號', 24.1508193843987, 120.6335834261261, 'A2', '台中惠春', 1, 'F'),
(43, '臺中市', '南屯區', '台中市南屯區公益路二段39號', 24.1507045904683, 120.65149453157848, 'A2', '台中大進', 1, 'F'),
(44, '臺中市', '南屯區', '台中市南屯區文山八街66號、68號', 24.1496435627315, 120.61333971858801, 'A2', '台中親家', 1, 'F'),
(45, '臺中市', '南屯區', '台中市南屯區豊樂里永春東一路719號1樓', 24.1332722202363, 120.64125049667796, 'A2', '台中鼎豐', 1, 'F'),
(46, '臺中市', '南屯區', '台中市南屯區春社里永春南路125號', 24.1383453759953, 120.60980178474053, 'A2', '台中嶺東', 1, 'F'),
(47, '臺中市', '南屯區', '台中市南屯區忠勇路76之3號', 24.1519421962472, 120.61613282612605, 'A2', '台中新忠勇', 1, 'F'),
(48, '臺中市', '南屯區', '台中市南屯區東興路二段36號1樓', 24.1368221595289, 120.65314836397953, 'A2', '台中新東二', 1, 'F'),
(49, '臺中市', '南屯區', '台中市南屯區永定里14鄰南屯路二段872號', 24.1412411611567, 120.63637360761344, 'A2', '台中金美', 1, 'F'),
(50, '臺中市', '南屯區', '台中市南屯區南屯路二段159號', 24.136072108271, 120.65139449667804, 'A2', '金南屯', 1, 'F'),
(51, '臺中市', '南屯區', '台中市南屯區惠中路三段46號、48號、50號', 24.1485625816663, 120.64042276614555, 'A2', '台中惠中', 1, 'F'),
(52, '臺中市', '南屯區', '台中市南屯區黎明路一段253號、255號', 24.1177422424289, 120.62727167120465, 'A2', '台中楓樹', 1, 'F'),
(53, '臺中市', '南屯區', '台中市南屯區三厝里黎明路二段406號', 24.1515965949632, 120.63534608256232, 'A2', '台中黎明', 1, 'F'),
(54, '臺中市', '南屯區', '台中市南屯區龍富路四段2號1樓', 24.1406633265579, 120.62603674976228, 'A2', '台中龍富', 1, 'F'),
(55, '臺中市', '南屯區', '台中市南屯區嶺東路730號', 24.1485282875231, 120.6119180237118, 'A2', '台中新文山', 1, 'F'),
(56, '臺中市', '南屯區', '台中市南屯區永春東七路602號', 24.1412495805649, 120.63375733306755, 'A3', '台中嘉明湖', 1, 'F'),
(57, '臺中市', '南屯區', '台中市南屯區向心南路983號', 24.137642741517, 120.6437623870163, 'A4', '台中向心南', 1, 'F'),
(58, '臺中市', '西區', '台中市西區忠明路54之1號1樓', 24.1589909201331, 120.66109358170526, 'A1', '三中', 1, 'F'),
(59, '臺中市', '西區', '台中市西區向上路一段381號383號385號', 24.1465299081718, 120.65543362612593, 'A1', '上誠', 1, 'F'),
(60, '臺中市', '西區', '台中市西區公館路136號138號', 24.1344848963439, 120.66963625557334, 'A1', '大全', 1, 'F'),
(61, '臺中市', '西區', '台中市西區南屯路一段60號62號64號', 24.1321921963516, 120.66569232612567, 'A1', '五權', 1, 'F'),
(62, '臺中市', '西區', '台中市西區五權路119號', 24.1470259081564, 120.6725747966782, 'A1', '台麗', 1, 'F'),
(63, '臺中市', '西區', '台中市西區忠明南路410號', 24.1353196293819, 120.65708395994847, 'A1', '吉龍', 1, 'F'),
(64, '臺中市', '西區', '台中市西區美村路一段302之1號302之7號', 24.146257608169, 120.66159359667826, 'A1', '向美', 1, 'F'),
(65, '臺中市', '西區', '台中市西區忠明南路16號16之1號18號1樓', 24.1559326843909, 120.65870519667845, 'A1', '忠明義', 1, 'F'),
(66, '臺中市', '西區', '台中市西區健行路1046、1046-1、1046-2號1樓', 24.1565336080598, 120.66304086723083, 'A1', '金典', 1, 'F'),
(67, '臺中市', '西區', '台中市西區五權路2-104號及貴和街222號', 24.1393410963243, 120.6658809672303, 'A1', '保誠', 1, 'F'),
(68, '臺中市', '西區', '台中市西區美村路一段54號', 24.1532314199407, 120.66154532612612, 'A1', '美生', 1, 'F'),
(69, '臺中市', '西區', '台中市西區美村路一段542號546號', 24.1393660963138, 120.66157097281938, 'A1', '美村', 1, 'F'),
(70, '臺中市', '西區', '台中市西區博館路185號', 24.1579656430156, 120.66284539229193, 'A1', '虹博', 1, 'F'),
(71, '臺中市', '西區', '台中市西區精誠路107號', 24.1505498214048, 120.6552188819131, 'A1', '益風', 1, 'F'),
(72, '臺中市', '西區', '台中市西區民生路517號', 24.1442278962881, 120.65872539667818, 'A1', '華生', 1, 'F'),
(73, '臺中市', '西區', '台中市西區公益路126號', 24.1509565962586, 120.66071279667833, 'A1', '超億', 1, 'F'),
(74, '臺中市', '西區', '台中市西區忠明南路117號1樓', 24.1525873962456, 120.65749273115426, 'A1', '鄉林夏都', 1, 'F'),
(75, '臺中市', '西區', '台中市西區中美街283號', 24.1495646962633, 120.66010009667829, 'A1', '新文化', 1, 'F'),
(76, '臺中市', '西區', '台中市西區精誠路15號', 24.1556810838464, 120.65631428668185, 'A1', '精明', 1, 'F'),
(77, '臺中市', '西區', '台中市西區模範街34巷1號', 24.149146438653, 120.66680526723044, 'A1', '模範', 1, 'F'),
(78, '臺中市', '西區', '台中市西區五權西路一段271號1樓2樓', 24.1399105843988, 120.655549596678, 'A1', '權大', 1, 'F'),
(79, '臺中市', '西區', '台中市西區美村路一段736號', 24.1342483214745, 120.66159965049927, 'A1', '權美', 1, 'F'),
(80, '臺中市', '西區', '台中市西區五廊街6號', 24.142092651151, 120.67060400992827, 'A2', '台中金五廊', 1, 'F'),
(81, '臺中市', '西區', '台中市西區五權五街143號1樓', 24.136413457388, 120.65946678330334, 'A2', '台中五權五', 1, 'F'),
(82, '臺中市', '西區', '台中市西區民權路189號', 24.1456632081651, 120.67081966723036, 'A2', '台中師院', 1, 'F'),
(83, '臺中市', '西區', '台中市西區向上路一段36號', 24.1468453813759, 120.666824035523, 'A2', '台中向上', 1, 'F'),
(84, '臺中市', '西區', '台中市西區西屯路一段156號', 24.1522906296892, 120.6714570387322, 'A2', '台中京華', 1, 'F'),
(85, '臺中市', '西區', '台中市西區美村路一段610號', 24.1372359950539, 120.6614418868825, 'A2', '台中新美村', 1, 'F'),
(86, '臺中市', '西區', '台中市西區美村路一段22號', 24.154715947521, 120.66176847202762, 'A2', '台中鑫美', 1, 'F'),
(87, '臺中市', '西區', '台中市西區博館路117號', 24.1564991180569, 120.66520783045904, 'A2', '台中科博館', 1, 'F'),
(88, '臺中市', '西區', '台中市西區樂群街61之4號', 24.1381398405763, 120.6716301374029, 'A2', '台中樂群', 1, 'F'),
(89, '臺中市', '西區', '台中市西區民生路109.111號', 24.1411063879661, 120.67280013005943, 'A3', '台中中堂', 1, 'F'),
(90, '臺中市', '西區', '台中市西區南屯路１段49-1號1樓', 24.1320601403838, 120.66543976257188, 'A4', '台中公館', 1, 'F'),
(91, '臺中市', '西區', '台中市西區居仁街23號', 24.1362656297556, 120.68000133661414, 'A4', '台中居仁', 1, 'F'),
(92, '臺中市', '西區', '台中市西區華美街237號1樓', 24.1483458748637, 120.6586965536852, 'A4', '台中華美', 1, 'F'),
(93, '臺中市', '北區', '台中市北區育德路13號', 24.1571732471205, 120.67978118527274, 'A1', '中醫', 1, 'F'),
(94, '臺中市', '北區', '台中市北區進化北路413號1樓', 24.163025841897, 120.67684041044978, 'A1', '元保', 1, 'F'),
(95, '臺中市', '北區', '台中市北區天津路二段138之10號之11號', 24.1698429086924, 120.67679287522394, 'A1', '文津', 1, 'F'),
(96, '臺中市', '北區', '台中市北區文莊里日興街180號1樓', 24.1510222500997, 120.67570415559699, 'A1', '光大國宅', 1, 'F'),
(97, '臺中市', '北區', '台中市北區自強一街1號', 24.1529643287817, 120.69696571581352, 'A1', '合作', 1, 'F'),
(98, '臺中市', '北區', '台中市北區五權路272.274.276號與太平路221號', 24.1513554481332, 120.67812873763903, 'A1', '旭日', 1, 'F'),
(99, '臺中市', '北區', '台中市北區忠明路426號1樓', 24.1627197024959, 120.66932897407341, 'A1', '忠權', 1, 'F'),
(100, '臺中市', '北區', '台中市北區賴厝里山西路一段48號', 24.1655405447214, 120.67552162383326, 'A1', '昌鴻', 1, 'F'),
(101, '臺中市', '北區', '台中市北區民權路472號1樓466巷1.3號1樓', 24.1584928557725, 120.67055366613722, 'A1', '美德', 1, 'F'),
(102, '臺中市', '北區', '台中市北區健行路49號', 24.158828045144, 120.6890379408494, 'A1', '益華', 1, 'F'),
(103, '臺中市', '北區', '台中市北區陜西路48號48之1號1樓', 24.1683334529766, 120.66839572776776, 'A1', '陜西', 1, 'F'),
(104, '臺中市', '北區', '台中市北區健行路701號', 24.159050953104, 120.67350159908206, 'A1', '健勝', 1, 'F'),
(105, '臺中市', '北區', '台中市北區健行路354號', 24.1592148180777, 120.68303369021994, 'A1', '健興', 1, 'F'),
(106, '臺中市', '北區', '台中市北區淡溝里民權路361號1樓', 24.1568278273075, 120.6703838944175, 'A1', '淡溝', 1, 'F'),
(107, '臺中市', '北區', '台中市北區英才路388號388之1號.博館一街37號', 24.1544354159693, 120.66805394828343, 'A1', '博一', 1, 'F'),
(108, '臺中市', '北區', '台中市北區學士路67號69號1樓', 24.1546739096713, 120.68187558851008, 'A1', '婷婷', 1, 'F'),
(109, '臺中市', '北區', '台中市北區中華路二段137號', 24.1491660016121, 120.68070725921295, 'A1', '華太', 1, 'F'),
(110, '臺中市', '北區', '台中市北區進化北路327號與325號1樓', 24.1629565928138, 120.6812239752176, 'A1', '超學', 1, 'F'),
(111, '臺中市', '北區', '台中市北區天津路二段9號.11號', 24.1702051731452, 120.67298684029794, 'A1', '雅津', 1, 'F'),
(112, '臺中市', '北區', '台中市北區育樂街66.68號一樓及夾層', 24.1574126345956, 120.69255249959, 'A1', '微笑', 1, 'F'),
(113, '臺中市', '北區', '台中市北區北平路二段96號', 24.1714242977245, 120.67508349509193, 'A1', '新北平', 1, 'F'),
(114, '臺中市', '北區', '台中市北區東光路340號', 24.1540331308602, 120.69898118658057, 'A1', '新東峰', 1, 'F'),
(115, '臺中市', '北區', '台中市北區漢口路五段60號62號66號1樓', 24.1667844963276, 120.68665121795688, 'A1', '漢華', 1, 'F'),
(116, '臺中市', '北區', '台中市北區學士路163號165號', 24.1589863065981, 120.68083292054968, 'A1', '學士', 1, 'F'),
(117, '臺中市', '北區', '台中市北區篤行路120號122號', 24.1481524878857, 120.6762061284635, 'A1', '篤行', 1, 'F'),
(118, '臺中市', '北區', '台中市北區金華里進德北路160號162號', 24.1548512991391, 120.69305550508477, 'A1', '興悅', 1, 'F'),
(119, '臺中市', '北區', '台中市北區進化北路148號', 24.1631800139304, 120.68656355179554, 'A1', '豐華', 1, 'F'),
(120, '臺中市', '北區', '台中市北區大德街87號1樓', 24.158671406365, 120.67865593390438, 'A1', '醫德', 1, 'F'),
(121, '臺中市', '北區', '台中市北區三民路三段215號', 24.1538322745058, 120.68559681458811, 'A2', '台中學友', 1, 'F'),
(122, '臺中市', '北區', '台中市北區大德街47號1樓', 24.1570389389686, 120.67884543421981, 'A2', '台中嘉勝', 1, 'F'),
(123, '臺中市', '北區', '台中市北區五義街132號1樓', 24.1545319208541, 120.68162614536507, 'A2', '台中五億', 1, 'F'),
(124, '臺中市', '北區', '台中市北區五權路356號1樓', 24.1523998939427, 120.68070464923792, 'A2', '台中五權一', 1, 'F'),
(125, '臺中市', '北區', '台中市北區明德里太原路一段450之1號', 24.1648229398202, 120.667624094247, 'A2', '台中太陽', 1, 'F'),
(126, '臺中市', '北區', '台中市北區北屯路45號', 24.1604876755382, 120.69173808373661, 'A2', '台中北屯', 1, 'F'),
(127, '臺中市', '北區', '台中市北區賴旺里北平路二段8號', 24.1716367292104, 120.672425804762, 'A2', '台中嘉農', 1, 'F'),
(128, '臺中市', '北區', '台中市北區賴旺里青島路一段12號', 24.1731082680888, 120.67393600059623, 'A2', '台中新東義', 1, 'F'),
(129, '臺中市', '北區', '台中市北區美德街184號', 24.1582283255109, 120.68040268472818, 'A2', '台中金美德', 1, 'F'),
(130, '臺中市', '北區', '台中市北區英才路266號', 24.1558996816933, 120.67193120840489, 'A2', '台中喜樂', 1, 'F'),
(131, '臺中市', '北區', '台中市北區梅亭東街62號1樓及地下室', 24.1599319878952, 120.69274455782599, 'A2', '台中梅亭東', 1, 'F'),
(132, '臺中市', '北區', '台中市北區博館東街48號1樓', 24.1550665671565, 120.66705279605895, 'A2', '台中館東', 1, 'F'),
(133, '臺中市', '北區', '台中市北區進化北路365號1樓之2', 24.1629391363867, 120.67933425307777, 'A2', '台中新大衛', 1, 'F'),
(134, '臺中市', '北區', '台中市北區漢口路三段88號', 24.1667467457393, 120.669318009524, 'A2', '台中上發', 1, 'F'),
(135, '臺中市', '北區', '台中市北區太原路二240號', 24.1649734080836, 120.682526242112, 'A3', '台中永太', 1, 'F'),
(136, '臺中市', '中區', '台中市中區自由路二段9號1樓', 24.1383639312947, 120.680238247873, 'A1', '市鑫', 1, 'F'),
(137, '臺中市', '中區', '台中市中區台灣大道一段35號', 24.1382100411565, 120.68395184984911, 'A1', '第一廣場', 1, 'F'),
(138, '臺中市', '中區', '台中市中區繼光街64號1樓', 24.1382388134003, 120.68205608239953, 'A1', '新繼光', 1, 'F'),
(139, '臺中市', '中區', '台中市中區公園路13號', 24.142305876145, 120.684258484249, 'A1', '聯華', 1, 'F'),
(140, '臺中市', '中區', '台中市中區建國路143.145號', 24.1378554898545, 120.685025937725, 'A1', '聯鑫', 1, 'F'),
(141, '臺中市', '中區', '台中市中區中華路一段153.155號1樓.157號1、2樓', 24.1453808106566, 120.67674096712796, 'A1', '鑫中華', 1, 'F'),
(142, '臺中市', '中區', '台中市中區綠川里中山路19號21號1樓', 24.1375793695522, 120.68355627760532, 'A2', '台中狀元', 1, 'F'),
(143, '臺中市', '中區', '台中市中區中華路一段152號', 24.1458677288126, 120.67770073519434, 'A2', '台中鑫華', 1, 'F'),
(144, '臺中市', '中區', '台中市中區公園路81號', 24.1457474494016, 120.68023697379301, 'A2', '台中新興中', 1, 'F'),
(145, '臺中市', '中區', '台中市中區公園路42號', 24.14645803155, 120.679900724129, 'A2', '台中萬代福', 1, 'F'),
(146, '臺中市', '中區', '台中市中區民族路9號.11號', 24.1365645530517, 120.68278484811806, 'A2', '台中建民', 1, 'F'),
(147, '臺中市', '中區', '台中市中區自由路二段103號1樓', 24.1411781015913, 120.68315019667808, 'A2', '台中鑫貴', 1, 'F'),
(148, '臺中市', '中區', '台中市中區民族路193、195號1樓', 24.1418243861564, 120.67691295702538, 'A4', '台中民族', 1, 'F'),
(149, '臺中市', '西屯區', '台中市西屯區至善路61號', 24.1716515119292, 120.63922220204547, 'A1', '上安', 1, 'F'),
(150, '臺中市', '西屯區', '台中市西屯區惠來路二段238之1號1樓', 24.1632375661822, 120.64210807368951, 'A1', '大都會', 1, 'F'),
(151, '臺中市', '西屯區', '台中市西屯區中平路279號', 24.1778661591775, 120.66457073434252, 'A1', '大貿', 1, 'F'),
(152, '臺中市', '西屯區', '台中市西屯區長安路二段125號', 24.1736504673344, 120.66445620261106, 'A1', '大鵬', 1, 'F'),
(153, '臺中市', '西屯區', '台中市西屯區工業區一路98之32號1樓', 24.1736383185567, 120.61364909201922, 'A1', '工一', 1, 'F'),
(154, '臺中市', '西屯區', '台中市西屯區台灣大道二段938號940號', 24.162001271139, 120.65138716239267, 'A1', '中川', 1, 'F'),
(155, '臺中市', '西屯區', '台中市西屯區文心路三段76號', 24.1659295280472, 120.65223984659369, 'A1', '文心', 1, 'F'),
(156, '臺中市', '西屯區', '台中市西屯區寧夏路232號', 24.1691107989827, 120.66017557755589, 'A1', '文華', 1, 'F'),
(157, '臺中市', '西屯區', '台中市西屯區黎明路三段539之3號.539之5號', 24.1862376683477, 120.640084246154, 'A1', '正勤', 1, 'F'),
(158, '臺中市', '西屯區', '台中市西屯區西屯路三段166之92號1樓', 24.1910797843749, 120.61104404116323, 'A1', '玉門', 1, 'F'),
(159, '臺中市', '西屯區', '台中市西屯區甘肅路二段22號', 24.1704660621589, 120.6560811655066, 'A1', '甘肅', 1, 'F'),
(160, '臺中市', '西屯區', '台中市西屯區河南路二段14號', 24.1723940809174, 120.66099480111016, 'A1', '安河', 1, 'F'),
(161, '臺中市', '西屯區', '台中市西屯區福星路112號1樓', 24.182143289656, 120.64161102634938, 'A1', '西苑', 1, 'F'),
(162, '臺中市', '西屯區', '台中市西屯區上仁街139號', 24.1716910292582, 120.641908122124, 'A1', '尚仁', 1, 'F'),
(163, '臺中市', '西屯區', '台中市西屯區河南路二段443號', 24.1700947074023, 120.6432522921837, 'A1', '河南', 1, 'F'),
(164, '臺中市', '西屯區', '台中市西屯區西屯路三段79-33號', 24.183294655112, 120.62993896504882, 'A1', '金西屯', 1, 'F'),
(165, '臺中市', '西屯區', '台中市西屯區青海路一段1號', 24.1631700187937, 120.65714906699813, 'A1', '青海', 1, 'F'),
(166, '臺中市', '西屯區', '台中市西屯區永福路40巷5號7號1樓', 24.1825775439337, 120.6203831548384, 'A1', '俊國', 1, 'F'),
(167, '臺中市', '西屯區', '台中市西屯區國安一路105號.107號.109號1樓', 24.1912052921443, 120.61308418155463, 'A1', '科安', 1, 'F'),
(168, '臺中市', '西屯區', '台中市西屯區福雅路571-1號', 24.200758874271, 120.62691829887932, 'A1', '科雅', 1, 'F'),
(169, '臺中市', '西屯區', '台中市西屯區朝富路30號32號1樓', 24.1671015961674, 120.63778803876237, 'A1', '秋紅谷', 1, 'F'),
(170, '臺中市', '西屯區', '台中市西屯區忠義街80號', 24.1615384536646, 120.65955920592255, 'A1', '原義', 1, 'F'),
(171, '臺中市', '西屯區', '台中市西屯區台灣大道三段688號.690號', 24.1707388911541, 120.63749522722684, 'A1', '展騰', 1, 'F'),
(172, '臺中市', '西屯區', '台中市西屯區環中路一段2490號', 24.2009084826222, 120.6569645133854, 'A1', '恩光站', 1, 'F'),
(173, '臺中市', '西屯區', '台中市西屯區四川路120號1樓', 24.1623730789694, 120.65377012207574, 'A1', '桂冠', 1, 'F'),
(174, '臺中市', '西屯區', '台中市西屯區河南路二段242號', 24.1758381711582, 120.65020250580388, 'A1', '航發', 1, 'F'),
(175, '臺中市', '西屯區', '台中市西屯區福星北路98號1樓', 24.1869137577059, 120.64456497627707, 'A1', '逢大二', 1, 'F'),
(176, '臺中市', '西屯區', '台中市西屯區青海路二段262號', 24.1725348692573, 120.6427520223801, 'A1', '逢仁', 1, 'F'),
(177, '臺中市', '西屯區', '台中市西屯區西屯路二段272之3號之4號1樓', 24.1746323088838, 120.64448274234422, 'A1', '逢甲', 1, 'F'),
(178, '臺中市', '西屯區', '台中市西屯區黎明路三段158號', 24.1776439347286, 120.6375818603847, 'A1', '逢明', 1, 'F'),
(179, '臺中市', '西屯區', '台中市西屯區福星路651-8號', 24.1737942636799, 120.64860477519622, 'A1', '逢星', 1, 'F'),
(180, '臺中市', '西屯區', '台中市西屯區青海路二段556號', 24.1762705961191, 120.63585902612664, 'A1', '逢科', 1, 'F'),
(181, '臺中市', '西屯區', '台中市西屯區烈美街98號', 24.1792034404933, 120.64253019596782, 'A1', '逢美', 1, 'F'),
(182, '臺中市', '西屯區', '台中市西屯區福星路330號', 24.1807146430974, 120.64489129972614, 'A1', '逢盛', 1, 'F'),
(183, '臺中市', '西屯區', '台中市西屯區逢甲路247號', 24.1759989750384, 120.64086112684174, 'A1', '逢喜', 1, 'F'),
(184, '臺中市', '西屯區', '台中市西屯區文華路10-7號', 24.1757365342458, 120.645416244412, 'A1', '逢華', 1, 'F'),
(185, '臺中市', '西屯區', '台中市西屯區黎明路三段1218號', 24.1960479091888, 120.65619630074198, 'A1', '逢貿', 1, 'F'),
(186, '臺中市', '西屯區', '台中市西屯區黎明路三段348號', 24.1821436077142, 120.63896736334529, 'A1', '逢福', 1, 'F'),
(187, '臺中市', '西屯區', '台中市西屯區文華路170號172號1樓', 24.1835794453253, 120.64639739942857, 'A1', '逢廣', 1, 'F'),
(188, '臺中市', '西屯區', '台中市西屯區青海路二段321號323號', 24.1734694806904, 120.64087558868202, 'A1', '逢德', 1, 'F'),
(189, '臺中市', '西屯區', '台中市西屯區黎明路二段1010號', 24.1693501668608, 120.63616281644421, 'A1', '朝馬', 1, 'F'),
(190, '臺中市', '西屯區', '台中市西屯區朝富路2號1樓', 24.1688138143909, 120.6389003892591, 'A1', '朝富', 1, 'F'),
(191, '臺中市', '西屯區', '台中市西屯區福科路295號一樓', 24.1819148081694, 120.624784055161, 'A1', '港強', 1, 'F'),
(192, '臺中市', '西屯區', '台中市西屯區西屯路二段19號19之1號21號', 24.1638115081604, 120.6612981007095, 'A1', '華美', 1, 'F'),
(193, '臺中市', '西屯區', '台中市西屯區大墩十八街116號1樓', 24.1579684386127, 120.64804401651963, 'A1', '隆恩', 1, 'F'),
(194, '臺中市', '西屯區', '台中市西屯區工業區一路58之1號', 24.1794287254943, 120.61454935538839, 'A1', '新中工', 1, 'F'),
(195, '臺中市', '西屯區', '台中市西屯區西屯路二段281-3號281-4號', 24.1761099075744, 120.64368609000223, 'A1', '新西屯', 1, 'F'),
(196, '臺中市', '西屯區', '台中市西屯區大墩路901號', 24.1566825523492, 120.65031548383601, 'A1', '新墩', 1, 'F'),
(197, '臺中市', '西屯區', '台中市西屯區福雅路143-1號', 24.1866542920233, 120.61975008303368, 'A1', '瑞盟', 1, 'F'),
(198, '臺中市', '西屯區', '台中市西屯區福科路890號1樓', 24.1874863194345, 120.6073629966793, 'A1', '瑞聯', 1, 'F'),
(199, '臺中市', '西屯區', '台中市西屯區安和路168號', 24.1806443052215, 120.62512065984492, 'A1', '裕元', 1, 'F'),
(200, '臺中市', '西屯區', '台中市西屯區寧夏路105號', 24.1665230807427, 120.6613681969191, 'A1', '寧夏', 1, 'F'),
(201, '臺中市', '西屯區', '台中市西屯區漢成四街2號', 24.1700001971247, 120.66553284370532, 'A1', '漢成', 1, 'F'),
(202, '臺中市', '西屯區', '台中市西屯區福星北路59號', 24.1848982592236, 120.64444119494384, 'A1', '漢翔', 1, 'F'),
(203, '臺中市', '西屯區', '台中市西屯區河南路二段71號1樓', 24.1753857108022, 120.65929191194545, 'A1', '福上', 1, 'F'),
(204, '臺中市', '西屯區', '台中市西屯區福林路31巷150號', 24.1851951710056, 120.61254582772055, 'A1', '福林', 1, 'F'),
(205, '臺中市', '西屯區', '台中市西屯區福星路580號', 24.1749773008206, 120.64645098586386, 'A1', '福星', 1, 'F'),
(206, '臺中市', '西屯區', '台中市西屯區福林里福康路33號', 24.1837824657875, 120.61679729019431, 'A1', '福康', 1, 'F'),
(207, '臺中市', '西屯區', '台中市西屯區福雅路338號', 24.1942294898646, 120.624307408032, 'A1', '福雅', 1, 'F'),
(208, '臺中市', '西屯區', '台中市西屯區何福里漢口路二段112號112-1號', 24.1650453665924, 120.66174997854566, 'A1', '福漢', 1, 'F'),
(209, '臺中市', '西屯區', '台中市西屯區大墩路966號', 24.1583494742855, 120.651724635148, 'A1', '墩隆', 1, 'F'),
(210, '臺中市', '西屯區', '台中市西屯區惠民路199號', 24.1649298669599, 120.640605243689, 'A1', '歐風', 1, 'F'),
(211, '臺中市', '西屯區', '台中市西屯區市政路596號', 24.1616622908831, 120.63389093868419, 'A1', '潮洋', 1, 'F'),
(212, '臺中市', '西屯區', '台中市西屯區朝馬路158號1樓', 24.1700299730692, 120.63366904476067, 'A1', '潮貴', 1, 'F'),
(213, '臺中市', '西屯區', '台中市西屯區甘肅路一段196號及198號1樓', 24.168158347299, 120.65747335610405, 'A1', '豐慶', 1, 'F'),
(214, '臺中市', '西屯區', '台中市西屯區西屯路二段256巷8號10號', 24.171079321996, 120.64753256791171, 'A1', '寶慶', 1, 'F'),
(215, '臺中市', '西屯區', '台中市西屯區中工三路123.125號1樓', 24.1779927414859, 120.61856437593454, 'A1', '鑫工三', 1, 'F'),
(216, '臺中市', '西屯區', '台中市西屯區上安路136號1樓', 24.1714053956444, 120.63995786870817, 'A2', '台中上安', 1, 'F'),
(217, '臺中市', '西屯區', '台中市西屯區大墩十九街188號', 24.1597914687886, 120.64945268763103, 'A2', '台中福揚', 1, 'F'),
(218, '臺中市', '西屯區', '台中市西屯區工業三十八路3號', 24.1756717905548, 120.58901647927097, 'A2', '台中福和', 1, 'F'),
(219, '臺中市', '西屯區', '台中市西屯區工業區一路98之103號', 24.1716176786705, 120.613165317082, 'A2', '台中金工', 1, 'F'),
(220, '臺中市', '西屯區', '台中市西屯區工業區一路70號', 24.1774607786871, 120.61425604802761, 'A2', '台中白金', 1, 'F'),
(221, '臺中市', '西屯區', '台中市西屯區福和里中工三路214之1號、之2號1樓', 24.1756256858329, 120.61761885425332, 'A2', '台中天保', 1, 'F'),
(222, '臺中市', '西屯區', '台中市西屯區中工三路75號、77號', 24.1789610638973, 120.61905929594988, 'A2', '台中工三', 1, 'F'),
(223, '臺中市', '西屯區', '台中市西屯區四川一街26號', 24.1638446812236, 120.651412493708, 'A2', '台中金豹', 1, 'F'),
(224, '臺中市', '西屯區', '台中市西屯區四川路67號', 24.1621882153143, 120.654569242537, 'A2', '台中新桂冠', 1, 'F'),
(225, '臺中市', '西屯區', '台中市西屯區市政路392號1樓及招牌', 24.1592278554497, 120.64017528742207, 'A2', '台中豐邑', 1, 'F'),
(226, '臺中市', '西屯區', '台中市西屯區何德里甘肅路一段18號1樓', 24.1648704760858, 120.66016612197605, 'A2', '台中惠安', 1, 'F'),
(227, '臺中市', '西屯區', '台中市西屯區成都路368號', 24.1732560820167, 120.6640950738374, 'A2', '台中成長', 1, 'F'),
(228, '臺中市', '西屯區', '台中市西屯區至善路105號', 24.1755294132771, 120.6422107116935, 'A2', '台中至善', 1, 'F'),
(229, '臺中市', '西屯區', '台中市西屯區永安里西屯路三段166之25號1樓', 24.1892880605728, 120.61540157253725, 'A2', '台中福鄰', 1, 'F'),
(230, '臺中市', '西屯區', '台中市西屯區國安一路169號', 24.191718308541, 120.61156078335492, 'A2', '台中國安一', 1, 'F'),
(231, '臺中市', '西屯區', '台中市西屯區逢大路5號', 24.1761905662459, 120.6504006147131, 'A2', '台中金航發', 1, 'F'),
(232, '臺中市', '西屯區', '台中市西屯區朝馬路139號、141號、143號1樓', 24.1693723440607, 120.63494646027205, 'A2', '台中朝貴', 1, 'F'),
(233, '臺中市', '西屯區', '台中市西屯區朝富路18之5號', 24.1680416544587, 120.638240940229, 'A2', '台中世貿', 1, 'F'),
(234, '臺中市', '西屯區', '台中市西屯區朝富路100號1樓', 24.1657317424623, 120.63665537871609, 'A2', '台中新大富', 1, 'F'),
(235, '臺中市', '西屯區', '台中市西屯區漢翔路295號1樓', 24.1849968299301, 120.63959648864882, 'A2', '台中漢翔', 1, 'F'),
(236, '臺中市', '西屯區', '台中市西屯區福星路301號', 24.1816453407271, 120.64511889173214, 'A2', '台中福滿', 1, 'F'),
(237, '臺中市', '西屯區', '台中市西屯區福星路601號', 24.1753110976588, 120.64652291761894, 'A2', '台中金福星', 1, 'F'),
(238, '臺中市', '西屯區', '台中市西屯區福雅路693號1樓', 24.2053418568327, 120.62870410265832, 'A2', '台中福雅', 1, 'F'),
(239, '臺中市', '西屯區', '台中市西屯區福瑞街92號', 24.1876988683682, 120.60636454670293, 'A2', '台中福瑞', 1, 'F'),
(240, '臺中市', '西屯區', '台中市西屯區至善里臺灣大道三段660號', 24.1704035524918, 120.63796618834225, 'A2', '台中登峰', 1, 'F'),
(241, '臺中市', '西屯區', '台中市西屯區至善里臺灣大道三段730號', 24.1710987790536, 120.63700465915112, 'A2', '台中光明', 1, 'F'),
(242, '臺中市', '西屯區', '台中市西屯區黎明路二段779號', 24.1634431708513, 120.63397838754649, 'A2', '台中民主', 1, 'F'),
(243, '臺中市', '西屯區', '台中市西屯區寶慶街42之1號1樓及夾層', 24.171574068185, 120.64733541658387, 'A2', '台中八寶', 1, 'F'),
(244, '臺中市', '西屯區', '台中市西屯區櫻花路129號', 24.171239964713, 120.65012554573234, 'A2', '台中新惠來', 1, 'F'),
(245, '臺中市', '西屯區', '台中市西屯區中工二路212號', 24.1762417383898, 120.61563880352122, 'A3', '台中世貿', 1, 'F'),
(246, '臺中市', '西屯區', '台中市西屯區中康街2.6號', 24.1951912509716, 120.65845371758867, 'A3', '台中愛萊', 1, 'F'),
(247, '臺中市', '西屯區', '台中市西屯區文心路三段91號', 24.1665391481758, 120.652187699792, 'A3', '台中中屯', 1, 'F'),
(248, '臺中市', '西屯區', '台中市西屯區西屯路三段173-25號', 24.1907159791506, 120.59479054580339, 'A3', '台中中都', 1, 'F'),
(249, '臺中市', '西屯區', '台中市西屯區河南路二段502號', 24.1694411038411, 120.64218689470081, 'A4', '台中河南', 1, 'F'),
(250, '臺中市', '西屯區', '台中市西屯區太原路１段63.65號', 24.1602839276294, 120.65900050707477, 'A4', '台中太原', 1, 'F'),
(251, '臺中市', '西屯區', '台中市西屯區成都路227、229號1樓', 24.1696868193492, 120.66486873142941, 'A4', '台中成都', 1, '0600-2400'),
(252, '臺中市', '南區', '台中市南區新榮里復興路三段140號', 24.1302358808894, 120.6732991399292, 'A1', '大東家', 1, 'F'),
(253, '臺中市', '南區', '台中市南區復興路三段322號324號326號', 24.1323674285694, 120.67856833564615, 'A1', '民主', 1, 'F'),
(254, '臺中市', '南區', '台中市南區復興路二段71巷70號1樓及忠明南路730巷17號1樓', 24.1236774028101, 120.65871080697055, 'A1', '生活', 1, 'F'),
(255, '臺中市', '南區', '台中市南區東興路一段21號1樓', 24.1183489787321, 120.657224392906, 'A1', '宜寧', 1, 'F'),
(256, '臺中市', '南區', '台中市南區忠明南路929號', 24.1193340706418, 120.66553613356974, 'A1', '明興', 1, 'F'),
(257, '臺中市', '南區', '台中市南區工學路108號', 24.1168933532544, 120.661606724013, 'A1', '長億', 1, 'F'),
(258, '臺中市', '南區', '台中市南區建成路1683號1樓', 24.1262872132642, 120.67365082818601, 'A1', '建丞', 1, 'F'),
(259, '臺中市', '南區', '台中市南區高工路168號1樓', 24.1130942112603, 120.66151314380495, 'A1', '高工', 1, 'F'),
(260, '臺中市', '南區', '台中市南區興大路338號340號', 24.1183912326241, 120.671709712419, 'A1', '頂橋', 1, 'F'),
(261, '臺中市', '南區', '台中市南區樹義里大慶街二段5-2號', 24.1142287204227, 120.65267286609432, 'A1', '復慶', 1, 'F'),
(262, '臺中市', '南區', '台中市南區德富路73號', 24.1206169783443, 120.65383142305026, 'A1', '無尾熊', 1, 'F'),
(263, '臺中市', '南區', '台中市南區五權南路527號', 24.1170460907811, 120.66989116722968, 'A1', '詠權', 1, 'F'),
(264, '臺中市', '南區', '台中市南區學府路70號70-1號72號1樓', 24.1269248535256, 120.67528304140338, 'A1', '新學和', 1, 'F'),
(265, '臺中市', '南區', '台中市南區復興路一段128號', 24.112704371228, 120.65239587057093, 'A1', '義興', 1, 'F'),
(266, '臺中市', '南區', '台中市南區文心南路885號', 24.1111279243882, 120.65919402363454, 'A1', '福田', 1, 'F'),
(267, '臺中市', '南區', '台中市南區樹德里大慶街二段36號', 24.1158213134511, 120.65050739629251, 'A1', '慶樹', 1, 'F'),
(268, '臺中市', '南區', '台中市南區國光路301號', 24.1222317097683, 120.67956328428082, 'A1', '興大', 1, 'F'),
(269, '臺中市', '南區', '台中市南區復興路二段175之1之2號', 24.1274358717347, 120.66600428910009, 'A1', '興福', 1, 'F'),
(270, '臺中市', '南區', '台中市南區建成路1107號1樓', 24.1281590290611, 120.68234135841645, 'A1', '聯信', 1, 'F'),
(271, '臺中市', '南區', '台中市南區五權南路189號', 24.1257990552077, 120.669912120112, 'A1', '權貴', 1, 'F'),
(272, '臺中市', '南區', '台中市南區大慶街二段8號', 24.1149560765573, 120.65197161183346, 'A2', '台中金大慶', 1, 'F'),
(273, '臺中市', '南區', '台中市南區工學二街95號1樓', 24.1167591529225, 120.66398945073193, 'A2', '台中新時代', 1, 'F'),
(274, '臺中市', '南區', '台中市南區工學北路122號1樓', 24.1187039148502, 120.66039405722046, 'A2', '台中進步', 1, 'F'),
(275, '臺中市', '南區', '台中市南區文心南路548號', 24.1193274432436, 120.6516922969486, 'A2', '台中登陽', 1, 'F'),
(276, '臺中市', '南區', '台中市南區忠孝路102號', 24.1289303989466, 120.68037569115258, 'A2', '台中忠孝夜', 1, 'F'),
(277, '臺中市', '南區', '台中市南區忠明南路730巷23號1樓', 24.1244139549052, 120.65879957176331, 'A2', '台中大安', 1, 'F'),
(278, '臺中市', '南區', '台中市南區東興路一段16號', 24.1184572984445, 120.65782101878062, 'A2', '台中金獅', 1, 'F'),
(279, '臺中市', '南區', '台中市南區南屯路一段273號', 24.1341220540781, 120.65630209185035, 'A2', '台中崇倫', 1, 'F'),
(280, '臺中市', '南區', '台中市南區南門路57號1樓', 24.1222206004905, 120.68121200203103, 'A2', '台中金南門', 1, 'F'),
(281, '臺中市', '南區', '台中市南區建國北路一段250號', 24.1254625084828, 120.65787758827209, 'A2', '台中新高橋', 1, 'F'),
(282, '臺中市', '南區', '台中市南區美村路二段16號、18號1樓', 24.1308180083816, 120.66173356459205, 'A2', '台中柳川', 1, 'F'),
(283, '臺中市', '南區', '台中市南區高工路92號', 24.1131091424225, 120.6590215050301, 'A2', '台中高工', 1, 'F'),
(284, '臺中市', '南區', '台中市南區學府路168巷2號', 24.1291611131465, 120.67430189594945, 'A2', '台中新學府', 1, 'F'),
(285, '臺中市', '南區', '台中市南區積善里學府路51號.53號', 24.1252191064452, 120.67504894931885, 'A2', '台中興大', 1, 'F'),
(286, '臺中市', '南區', '台中市南區五權南一路52號', 24.1125748542094, 120.6698522318226, 'A3', '台中衛斯理', 1, 'F'),
(287, '臺中市', '南區', '台中市南區忠孝路193號', 24.130694780788, 120.6840834649889, 'A3', '台中夜市', 1, 'F'),
(288, '臺中市', '南區', '台中市南區大慶街二段27號', 24.1156173734159, 120.65036679807052, 'A3', '台中中慶', 1, 'F'),
(289, '臺中市', '南區', '台中市南區樹義六巷3之2號1樓', 24.1088537812695, 120.65078841633027, 'A4', '台中樹義', 1, 'F'),
(290, '臺中市', '東區', '台中市東區台中路195號197號199號', 24.1302135198039, 120.68521811969399, 'A1', '中農', 1, 'F'),
(291, '臺中市', '東區', '台中市東區東光園路142號', 24.1274669573372, 120.69483154409825, 'A1', '光園', 1, 'F'),
(292, '臺中市', '東區', '台中市東區東門里東門路140號', 24.1271214630549, 120.6998564786163, 'A1', '東泓', 1, 'F'),
(293, '臺中市', '東區', '台中市東區自由路四段339號', 24.1429235608642, 120.70583597504645, 'A1', '東英', 1, 'F'),
(294, '臺中市', '東區', '台中市東區建成路668號', 24.1319628020688, 120.6904310134599, 'A1', '建智', 1, 'F'),
(295, '臺中市', '東區', '台中市東區富榮街2號1樓', 24.1455072729836, 120.69221519594313, 'A1', '富仁', 1, 'F'),
(296, '臺中市', '東區', '台中市東區復興路四段210號1.2樓.地下層', 24.1364650091631, 120.68807358575194, 'A1', '智復', 1, 'F'),
(297, '臺中市', '東區', '台中市東區自由路三段226號及進德路77號', 24.1425795585008, 120.692624823668, 'A1', '進德', 1, 'F'),
(298, '臺中市', '東區', '台中市東區十甲東路217號', 24.1305709491778, 120.70462937861609, 'A1', '新振興', 1, 'F'),
(299, '臺中市', '東區', '台中市東區自由路四段436號', 24.1426085194901, 120.70887179146739, 'A1', '漢展', 1, 'F'),
(300, '臺中市', '東區', '台中市東區十甲東路575號1樓', 24.1408362567629, 120.70800125933562, 'A1', '漢溪', 1, 'F'),
(301, '臺中市', '東區', '台中市東區東英路331號', 24.1375276676752, 120.70522584856958, 'A1', '樂東', 1, 'F'),
(302, '臺中市', '東區', '台中市東區大振街31號', 24.129456695821, 120.69176805797251, 'A2', '台中鳳鳴', 1, 'F'),
(303, '臺中市', '東區', '台中市東區自由路三段95號', 24.1429457825188, 120.68915761678075, 'A2', '台中金自由', 1, 'F'),
(304, '臺中市', '東區', '台中市東區東信里旱溪東路一段300號、301號1樓', 24.1353221647258, 120.70106490348753, 'A2', '台中東英', 1, 'F'),
(305, '臺中市', '東區', '台中市東區和平街119之4號', 24.1347415369293, 120.68698155035821, 'A2', '台中金站二', 1, 'F'),
(306, '臺中市', '東區', '台中市東區東光園路536號', 24.1386114103478, 120.6971750367922, 'A2', '台中東園', 1, 'F'),
(307, '臺中市', '東區', '台中市東區東門路118號', 24.1271697822797, 120.69889310413886, 'A2', '台中金東門', 1, 'F'),
(308, '臺中市', '東區', '台中市東區富台東街72號1樓', 24.1444718374354, 120.69103153585952, 'A2', '台中新富台', 1, 'F'),
(309, '臺中市', '東區', '台中市東區復興路四段147號', 24.1359762519302, 120.68606740410863, 'A2', '台中金站', 1, 'F'),
(310, '臺中市', '東區', '台中市東區樂業路342號', 24.1384500818431, 120.70365298418533, 'A2', '台中長樂', 1, 'F'),
(311, '臺中市', '東區', '台中市東區樂業路286號', 24.1387605660921, 120.70226377625137, 'A4', '台中樂業', 1, 'F'),
(312, '臺中市', '北屯區', '台中市北屯區文心路四段57號', 24.1741237753588, 120.67194161305555, 'A1', '七綻', 1, 'F'),
(313, '臺中市', '北屯區', '台中市北屯區橫坑巷28-1號', 24.178350101637, 120.74074797683743, 'A1', '大坑', 1, 'F'),
(314, '臺中市', '北屯區', '台中市北屯區大連北街98號1樓', 24.1780495056319, 120.67251977335097, 'A1', '大唐', 1, 'F'),
(315, '臺中市', '北屯區', '台中市北屯區昌平東六路121號', 24.1855676161996, 120.69034087457594, 'A1', '川越', 1, 'F'),
(316, '臺中市', '北屯區', '台中市北屯區太原路三段1505號', 24.1614870844307, 120.73344801396036, 'A1', '中台禾豐', 1, 'F'),
(317, '臺中市', '北屯區', '台中市北屯區中清路二段340號', 24.1790482082258, 120.668241060672, 'A1', '中清', 1, 'F'),
(318, '臺中市', '北屯區', '台中市北屯區四民里四平路563號', 24.1939865122625, 120.68193874089141, 'A1', '丰瑞', 1, 'F'),
(319, '臺中市', '北屯區', '台中市北屯區東山路二段77之8號9號10號1樓', 24.1923748676574, 120.74683326751367, 'A1', '天星', 1, 'F'),
(320, '臺中市', '北屯區', '台中市北屯區東山路一段212號', 24.1727680621631, 120.71296564781585, 'A1', '水景', 1, 'F'),
(321, '臺中市', '北屯區', '台中市北屯區后庄北路221-1號', 24.1922442097452, 120.66695471795995, 'A1', '北庄', 1, 'F'),
(322, '臺中市', '北屯區', '台中市北屯區遼寧路一段120號', 24.1744334242965, 120.6970143632022, 'A1', '平興', 1, 'F'),
(323, '臺中市', '北屯區', '台中市北屯區同榮路161號1樓', 24.1958615479249, 120.661812481931, 'A1', '同榮', 1, 'F'),
(324, '臺中市', '北屯區', '台中市北屯區松竹路三段676-1號', 24.1902889216208, 120.67367457139481, 'A1', '竹探', 1, 'F'),
(325, '臺中市', '北屯區', '台中市北屯區軍福十三路68號', 24.1706384628328, 120.73180073634623, 'A1', '君悅', 1, 'F'),
(326, '臺中市', '北屯區', '台中市北屯區昌平路一段70號', 24.1681206206171, 120.69297771915346, 'A1', '昌平', 1, 'F'),
(327, '臺中市', '北屯區', '台中市北屯區東山路一段146之39號', 24.1693971231748, 120.7047323117609, 'A1', '昌和', 1, 'F'),
(328, '臺中市', '北屯區', '台中市北屯區昌平路二段12之16號', 24.1826776761959, 120.688109324559, 'A1', '昌旺', 1, 'F'),
(329, '臺中市', '北屯區', '台中市北屯區昌平路二段45號之8及45號之9', 24.1915111313448, 120.68327998449297, 'A1', '昌盛', 1, 'F'),
(330, '臺中市', '北屯區', '台中市北屯區東山路一段185號', 24.170628702977, 120.708224390234, 'A1', '東加', 1, 'F'),
(331, '臺中市', '北屯區', '台中市北屯區東山路一段396號1樓', 24.1769022161318, 120.73446462364038, 'A1', '東侑', 1, 'F'),
(332, '臺中市', '北屯區', '台中市北屯區松竹五路二段22號1樓', 24.1747785011368, 120.71115643816383, 'A1', '松佑', 1, 'F'),
(333, '臺中市', '北屯區', '台中市北屯區松竹路三段125號', 24.1816365691985, 120.6822709013867, 'A1', '松東', 1, 'F'),
(334, '臺中市', '北屯區', '台中市北屯區松安里崇德六路一段47號', 24.1798062255637, 120.6948466457342, 'A1', '松強', 1, 'F'),
(335, '臺中市', '北屯區', '台中市北屯區四平路218號', 24.1890225844819, 120.68033473975458, 'A1', '松豪', 1, 'F'),
(336, '臺中市', '北屯區', '台中市北屯區軍功路二段183號1樓', 24.1800223220075, 120.71951338153038, 'A1', '松潭', 1, 'F'),
(337, '臺中市', '北屯區', '台中市北屯區松竹路一段965號1樓', 24.1821182733978, 120.7119577722326, 'A1', '金格', 1, 'F'),
(338, '臺中市', '北屯區', '台中市北屯區青島路三段155號1樓', 24.1685707139305, 120.68334633856334, 'A1', '青河', 1, 'F'),
(339, '臺中市', '北屯區', '台中市北屯區松竹五路199號1樓', 24.1780592052645, 120.71318930593941, 'A1', '軍松', 1, 'F'),
(340, '臺中市', '北屯區', '台中市北屯區軍福十三路198號', 24.1723211108499, 120.724464331948, 'A1', '軍建', 1, 'F'),
(341, '臺中市', '北屯區', '台中市北屯區軍榮一街90號1樓', 24.1799513213582, 120.720674870524, 'A1', '軍榮', 1, 'F'),
(342, '臺中市', '北屯區', '台中市北屯區軍功路一段500號', 24.1715731580958, 120.718811602242, 'A1', '軍福', 1, 'F'),
(343, '臺中市', '北屯區', '台中市北屯區太原路三段1138號', 24.1623870174635, 120.72121119046093, 'A1', '健太', 1, 'F'),
(344, '臺中市', '北屯區', '台中市北屯區崇德路二段450號1樓', 24.179652363752, 120.68618605177114, 'A1', '崇尚', 1, 'F'),
(345, '臺中市', '北屯區', '台中市北屯區崇德路三段195號', 24.187511928898, 120.68608117181091, 'A1', '崇金', 1, 'F'),
(346, '臺中市', '北屯區', '台中市北屯區祥順東路一段2號', 24.1610992398187, 120.72906990022138, 'A1', '祥順東', 1, 'F'),
(347, '臺中市', '北屯區', '台中市北屯區河北路二段218之1號1樓', 24.1762844656924, 120.68380070969064, 'A1', '連河', 1, 'F'),
(348, '臺中市', '北屯區', '台中市北屯區雷中街95號', 24.184862845587, 120.66995115236678, 'A1', '逢運', 1, 'F'),
(349, '臺中市', '北屯區', '台中市北屯區東光路786號1樓', 24.1670910082807, 120.70060779721483, 'A1', '博吉', 1, 'F'),
(350, '臺中市', '北屯區', '台中市北屯區建和路二段273.275號', 24.1749283012498, 120.724538176788, 'A1', '富宇', 1, 'F'),
(351, '臺中市', '北屯區', '台中市北屯區敦化路一段473號1樓', 24.1875391463262, 120.66775486333968, 'A1', '敦煌', 1, 'F'),
(352, '臺中市', '北屯區', '台中市北屯區景賢路191號', 24.1666922208528, 120.72237416368314, 'A1', '景大和', 1, 'F'),
(353, '臺中市', '北屯區', '台中市北屯區太原路三段907號', 24.1645787440276, 120.71400768921026, 'A1', '景和', 1, 'F'),
(354, '臺中市', '北屯區', '台中市北屯區太原路三段1112之1號1120之1號1樓', 24.1639335643445, 120.71524346743, 'A1', '鈞泰', 1, 'F'),
(355, '臺中市', '北屯區', '台中市北屯區太順路112號1樓', 24.1586150600978, 120.72472310462, 'A1', '順太', 1, 'F'),
(356, '臺中市', '北屯區', '台中市北屯區太原路三段516號1樓', 24.1648263117336, 120.6965205238562, 'A1', '新北屯', 1, 'F'),
(357, '臺中市', '北屯區', '台中市北屯區中清路二段776號778號', 24.1860166196861, 120.66411169667926, 'A1', '新象', 1, 'F'),
(358, '臺中市', '北屯區', '台中市北屯區平田里興安路一段289號1樓', 24.172991713737, 120.69437762200353, 'A1', '新興陽', 1, 'F'),
(359, '臺中市', '北屯區', '台中市北屯區中清路二段567號一樓', 24.1824973391911, 120.6655990890319, 'A1', '萬寶', 1, 'F'),
(360, '臺中市', '北屯區', '台中市北屯區北平路三段75-4號75-5號', 24.1711322493957, 120.68152610005644, 'A1', '遠平', 1, 'F'),
(361, '臺中市', '北屯區', '台中市北屯區天津路四段68號1樓', 24.1692544330551, 120.68701116533732, 'A1', '熱天', 1, 'F'),
(362, '臺中市', '北屯區', '台中市北屯區熱河路二段217號', 24.1737446278486, 120.68786208176557, 'A1', '熱陽', 1, 'F'),
(363, '臺中市', '北屯區', '台中市北屯區興安路二段62號1樓', 24.1764404531641, 120.69491663334922, 'A1', '興昌', 1, 'F'),
(364, '臺中市', '北屯區', '台中市北屯區東山路一段306-1號1.2樓及環中東路二段268號1樓', 24.1757504790488, 120.72053252424, 'A1', '環東', 1, 'F'),
(365, '臺中市', '北屯區', '台中市北屯區瀋陽路一段104號1樓', 24.1740474882873, 120.678629251247, 'A1', '瀋陽', 1, 'F'),
(366, '臺中市', '北屯區', '台中市北屯區崇德路三段608號', 24.1935696104795, 120.68674765533251, 'A1', '豐樂', 1, 'F'),
(367, '臺中市', '北屯區', '台中市北屯區平和里山西路二段222號1樓', 24.174143058942, 120.67634993019595, 'A2', '台中山陽', 1, 'F'),
(368, '臺中市', '北屯區', '台中市北屯區中清路二段409號、411號', 24.1799401938382, 120.667012485405, 'A2', '台中中泰', 1, 'F'),
(369, '臺中市', '北屯區', '台中市北屯區太原路三段152號', 24.164795790848, 120.69017835376847, 'A2', '台中新太原', 1, 'F'),
(370, '臺中市', '北屯區', '台中市北屯區太原路三段231號', 24.1650345774856, 120.69254580160303, 'A2', '台中金原', 1, 'F'),
(371, '臺中市', '北屯區', '台中市北屯區太順路103號', 24.1585006031949, 120.724998565252, 'A2', '台中太順', 1, 'F'),
(372, '臺中市', '北屯區', '台中市北屯區文心路3段983號', 24.1736981921974, 120.669121042497, 'A2', '台中時尚', 1, 'F'),
(373, '臺中市', '北屯區', '台中市北屯區四平路35之6號', 24.1784923461696, 120.67045182141477, 'A2', '台中四平', 1, 'F'),
(374, '臺中市', '北屯區', '台中市北屯區和順路400號', 24.1767656466733, 120.72265347653972, 'A2', '台中和順', 1, 'F'),
(375, '臺中市', '北屯區', '台中市北屯區東山路一段380之23號', 24.1770629956243, 120.73019579158358, 'A2', '台中大坑', 1, 'F'),
(376, '臺中市', '北屯區', '台中市北屯區東山路一段196之1號', 24.1721084559593, 120.71149668590836, 'A2', '台中水景', 1, 'F'),
(377, '臺中市', '北屯區', '台中市北屯區東山路二段51之11號', 24.1800538583382, 120.74096377255644, 'A2', '台中培鶯', 1, 'F'),
(378, '臺中市', '北屯區', '台中市北屯區東光路866號1樓', 24.1692123270606, 120.70091501907469, 'A2', '台中東光', 1, 'F'),
(379, '臺中市', '北屯區', '台中市北屯區松竹北路150', 24.1854504510835, 120.69841327698614, 'A2', '台中豐源', 1, 'F'),
(380, '臺中市', '北屯區', '台中市北屯區松竹路二段366之1號', 24.1823711870534, 120.6899537036509, 'A2', '台中金強', 1, 'F'),
(381, '臺中市', '北屯區', '台中市北屯區松義街160號、162號', 24.184322472994, 120.69842139755205, 'A2', '台中真義', 1, 'F'),
(382, '臺中市', '北屯區', '台中市北屯區河北路二段98號', 24.1715042684384, 120.6834731792048, 'A2', '台中金河', 1, 'F'),
(383, '臺中市', '北屯區', '台中市北屯區建和路一段420號', 24.1659744217202, 120.72396479609306, 'A2', '台中花見', 1, 'F'),
(384, '臺中市', '北屯區', '台中市北屯區軍功路一段497號、495號1樓', 24.1725370528962, 120.7186949147436, 'A2', '台中軍功', 1, 'F'),
(385, '臺中市', '北屯區', '台中市北屯區軍福十六路277號', 24.1748904678197, 120.7234224149, 'A2', '台中英皇', 1, 'F'),
(386, '臺中市', '北屯區', '台中市北屯區崇德路二段276號', 24.1754861005338, 120.68596635285896, 'A2', '台中崇大', 1, 'F'),
(387, '臺中市', '北屯區', '台中市北屯區部子路351、353號', 24.1704322297429, 120.73308028149057, 'A2', '台中金頂', 1, 'F'),
(388, '臺中市', '北屯區', '台中市北屯區景賢路106號1、2Ｆ', 24.1668888550219, 120.727024871651, 'A2', '台中情人', 1, 'F'),
(389, '臺中市', '北屯區', '台中市北屯區熱河路三段57號1樓', 24.1770729476224, 120.68820979667905, 'A2', '台中新崇河', 1, 'F'),
(390, '臺中市', '北屯區', '台中市北屯區興安路一段233號', 24.171707437565, 120.69417292226558, 'A2', '台中鼎安', 1, 'F'),
(391, '臺中市', '北屯區', '台中市北屯區松強里興安路二段461巷2號463號', 24.1843434254114, 120.6948569813097, 'A2', '台中松茂', 1, 'F'),
(392, '臺中市', '北屯區', '台中市北屯區豐樂路7之5號', 24.1936077958851, 120.68507356190435, 'A2', '台中新豐樂', 1, 'F'),
(393, '臺中市', '北屯區', '台中市北屯區同榮路68號', 24.1935561902031, 120.66078572262988, 'A3', '台中同興', 1, 'F'),
(394, '臺中市', '北屯區', '台中市北屯區后庄北路481號', 24.1932444469649, 120.6713874572502, 'A3', '台中中竹', 1, 'F'),
(395, '臺中市', '北屯區', '台中市北屯區軍功路二段130號', 24.1784198056309, 120.7196767375429, 'A3', '台中中軍', 1, 'F'),
(396, '臺中市', '北屯區', '台中市北屯區東山路１段373之3、375號1樓', 24.1766998521488, 120.72729086822689, 'A4', '台中和祥', 1, '0600-2400'),
(397, '臺中市', '北屯區', '台中市北屯區大連路一段278號', 24.1765260419615, 120.67964473501895, 'A4', '台中大連', 1, 'F'),
(398, '臺中市', '南屯區', '台中市南屯區公益路二段131號', 24.150651606679855, 120.64859019054056, 'B1', '大英門市', 1, '0700-2230'),
(399, '臺中市', '南屯區', '台中市南屯區五權西路二段658號', 24.141774518727214, 120.64010159876379, 'B1', '五權惠中門市', 1, '0700-2100'),
(400, '臺中市', '南屯區', '台中市南屯區永春東路1340號', 24.137713337569448, 120.63293980086148, 'B1', '永春東門市', 1, '0700-2200'),
(401, '臺中市', '南屯區', '台中市南屯區文心路一段197號', 24.1423629501526, 120.64646173331741, 'B1', '向心門市', 1, '0700-2130'),
(402, '臺中市', '南屯區', '台中市南屯區大墩路806號', 24.154687884066107, 120.64985851995209, 'B2', '台中大墩門市', 1, '0730-1830'),
(403, '臺中市', '南屯區', ' 台中市南屯區文心路一段376號', 24.14940804786292, 120.64699585816588, 'B2', '台中文心一門市', 1, '0730-1930'),
(404, '臺中市', '南屯區', '台中市南屯區精科路112號', 24.148733499966596, 120.60815800162038, 'B2', '台中精密園區門市', 1, '0700-1900'),
(405, '臺中市', '南屯區', '台中市南屯區大墩路301號', 24.144060525412566, 120.64971291264641, 'B2', '大墩向心門市', 1, '0700-2100'),
(406, '臺中市', '南屯區', '台中市南屯區公益路二段8號', 24.151124893785816, 120.65238298117609, 'B2', '台中公益門市', 1, '0730-2200'),
(407, '臺中市', '南屯區', ' 台中市南屯區惠文路525號、527號', 24.146205838079677, 120.64352007031515, 'B2', '文心森林公園門市', 1, '0730-2200'),
(408, '臺中市', '南屯區', '台中市南屯區五權西路二段690號', 24.142244074371895, 120.63862334582763, 'B2', '五權黎明門市', 1, '0700-2100'),
(409, '臺中市', '西區', '台中市西區五權西路一段277號1樓', 24.13989808690478, 120.65522274921655, 'B1', '五權門市', 1, '0700-2200'),
(410, '臺中市', '西區', '台中市西區健行路1049號B1', 24.15573798341892, 120.66326126493762, 'B1', '台中金典門市', 1, '1100-2200'),
(411, '臺中市', '西區', '台中市西區美村路一段319號', 24.146503462245764, 120.66181922557193, 'B1', '美村向上門市', 1, '0700-2230'),
(412, '臺中市', '西區', '台中市西區公益路128號', 24.15099698307666, 120.660658964746, 'B1', '超億門市', 1, '0700-2130'),
(413, '臺中市', '西區', '台中市西區公益路68號1樓', 24.151255174815333, 120.66355430349354, 'B1', '園道門市', 5, '0700-2200'),
(414, '臺中市', '西區', '台中市西區台灣大道二段459號2樓', 24.155610379645022, 120.66157073831151, 'B1', '廣三SOGO門市', 6, '1100-2200'),
(415, '臺中市', '西區', '台中市西區台灣大道二段363號', 24.154140671505086, 120.66443153419364, 'B1', '中港門市', 1, '0630-2100'),
(416, '臺中市', '西區', '台中市西區精誠路7-2號', 24.156491214211492, 120.65686419832969, 'B2', '精誠門市', 1, '0730-2100'),
(417, '臺中市', '西區', '台中市西區五權西路一段211號', 24.13993300180423, 120.65869533195132, 'B2', '台中美術館門市', 1, '0730-2100'),
(418, '臺中市', '西區', '台中市西區向上南路一段168號', 24.14506806186128, 120.65288794587893, 'B2', '東興門市', 1, '0700-2100'),
(419, '臺中市', '西區', '台中市西區美村路一段689號', 24.135308948565623, 120.66181705729987, 'B2', '五權美村門市', 1, '0700-2200'),
(420, '臺中市', '西區', '台中市西區美村路一段103號', 24.152647816610333, 120.66188059487797, 'B2', '美村直營門市', 1, '0730-2200'),
(421, '臺中市', '北區', '台中市北區三民路三段161號C棟2樓', 24.15196427168348, 120.68480980735127, 'B1', '中友二門市', 6, '1100-2200'),
(422, '臺中市', '北區', '台中市北區中清路一段510號', 24.16523805574974, 120.67403938865158, 'B1', '中清太原門市', 1, '0700-2130'),
(423, '臺中市', '北區', '台中市北區學士路2號1樓', 24.154067557890002, 120.68284553874871, 'B1', '中醫二門市', 4, '0730-1900'),
(424, '臺中市', '北區', '台中市北區育德路2號', 24.156678435961574, 120.68108633575655, 'B1', '中醫門市', 4, '0730-1900'),
(425, '臺中市', '北區', '台中市北區三民路三段161號1樓C棟', 24.152242927936125, 120.68480564378683, 'B1', '中友門市', 6, '0900-2200'),
(426, '臺中市', '北區', '台中市北區進化路571-2號', 24.159290723822803, 120.69429685832715, 'B2', '進化門市', 1, '0700-1900'),
(427, '臺中市', '北區', '台中市北區雙十路一段125號', 24.14877320949778, 120.68684757342645, 'B2', '一中門市', 1, '0700-2000'),
(428, '臺中市', '北區', '台中市北區進化北路378之39號', 24.163355663891714, 120.6783869026889, 'B2', '進化北門市', 1, '0700-2100'),
(429, '臺中市', '北區', '台中市北區博館二街62號', 24.153957222095116, 120.66717788811063, 'B2', '台中博館門市', 1, '0700-2200'),
(430, '臺中市', '北區', '台中市北區漢口路四段316號', 24.16689016805634, 120.68379460426591, 'B2', '漢口崇德門市', 1, '0730-2100'),
(431, '臺中市', '北區', '台中市北區健行路391號', 24.158963333443012, 120.68221134916872, 'B2', '健行門市', 1, '0630-2300'),
(432, '臺中市', '北區', '台中市北區中華路二段120之3號1樓、2樓', 24.152344272159194, 120.68230247986756, 'B2', '台中科大門市', 1, '0700-2200'),
(433, '臺中市', '中區', '台中市中區台灣大道一段138號1樓', 24.13949535242117, 120.68307789427483, 'B1', '中正繼光門市', 1, '0700-2100'),
(434, '臺中市', '中區', '台中市中區自由路二段94號1F', 24.14257549120077, 120.68532233400911, 'B1', '日曜門市', 6, '0930-2200'),
(435, '臺中市', '西屯區', '台中市西屯區台灣大道三段301號11樓', 24.164766979150414, 120.6434748362032, 'B1', '台中三越11門市', 6, '11000-2200'),
(436, '臺中市', '西屯區', '台中市西屯區中科路1號', 24.208681606245587, 120.61373705026246, 'B1', '台中友達門市', 1, '0730-1500'),
(437, '臺中市', '西屯區', '台中市西屯區台灣大道三段251號11樓', 24.16469335917408, 120.6446721763935, 'B1', '台中遠百門市', 6, '1100-2200'),
(438, '臺中市', '西屯區', '台中市西屯區市政路581號', 24.160640301136592, 120.6349693922246, 'B1', '市政門市', 1, '0700-2230'),
(439, '臺中市', '西屯區', '台中市西屯區國安一路168號', 24.19217665561729, 120.61177010487006, 'B1', '米平方門市', 1, '0700-2230'),
(440, '臺中市', '西屯區', '台中市西屯區河南路二段431號', 24.170398692461532, 120.64353540550553, 'B1', '河南青海門市', 1, '0700-2200'),
(441, '臺中市', '西屯區', '台中市西屯區朝富路83號1樓', 24.166047532006232, 120.63758788096548, 'B1', '朝富門市', 1, '0700-2130'),
(442, '臺中市', '西屯區', '台中市西屯區市政北一路1號', 24.156850427048813, 120.6464850691104, 'B1', '新國門市', 6, '0700-2100'),
(443, '臺中市', '西屯區', '台中市西屯區黎明路三段289號', 24.17881653934985, 120.63732895841426, 'B1', '黎明福科門市', 1, '0700-2200'),
(444, '臺中市', '西屯區', '台中市西屯區台灣大道三段301號3樓', 24.16476719574709, 120.64347458073445, 'B1', '三越一門市', 6, '1100-2200'),
(445, '臺中市', '西屯區', '台中市西屯區福康路1.3號1樓', 24.18288641501779, 120.6164270959655, 'B1', '福康門市', 1, '0730-2200'),
(446, '臺中市', '西屯區', '台中市西屯區河南路2段301巷72號', 24.171948148111436, 120.64828916765117, 'B2', '福星公園門市', 1, '0715-2100'),
(447, '臺中市', '西屯區', '台中市西屯區朝富路286號', 24.162310214962478, 120.63485008010964, 'B2', '台中市政朝富門市', 1, '0730-2130'),
(448, '臺中市', '西屯區', ' 台中市西屯區文心路二段560-9號', 24.15675046746313, 120.64706936445677, 'B2', '文心市政門市', 1, '0730-2130'),
(449, '臺中市', '西屯區', '台中市西屯區漢口路二段110-7號', 24.164839991676185, 120.6614379541786, 'B2', '漢口門市', 1, '0630-2100'),
(450, '臺中市', '西屯區', '台中市西屯區青海路二段240-1號', 24.1703994448366, 120.6435366460559, 'B2', '台中逢甲青海門市', 1, '0700-2300'),
(451, '臺中市', '西屯區', '台中市西屯區福科路579號', 24.18641182070887, 120.61470953636854, 'B2', '中科直營門市', 1, '0700-2300'),
(452, '臺中市', '西屯區', '台中市西屯區西屯路二段101之6號', 24.16635071826758, 120.65269732672745, 'B2', '西屯文心門市', 1, '0700-2100'),
(453, '臺中市', '西屯區', '台中市西屯區福星北路50號', 24.184066217982668, 120.64484393279211, 'B2', '漢翔門市', 1, '0730-2230'),
(454, '臺中市', '西屯區', ' 台中市西屯區工業區一路66-8、66-9號', 24.17851294324226, 120.61440158331924, 'B2', '工業一路門市', 1, '0730-2200'),
(455, '臺中市', '西屯區', '台中市西屯區福科路146號', 24.181466090626667, 120.62704496256302, 'B2', '福科安和門市', 1, '0700-2200'),
(456, '臺中市', '南區', '台中市南區文心南路542號', 24.12024581801619, 120.65093906145478, 'B1', '文心大慶門市', 1, '0700-2230'),
(457, '臺中市', '南區', '台中市南區五權南路100號', 24.127637622780938, 120.66998527956825, 'B1', '國資圖門市', 1, '0700-2130'),
(458, '臺中市', '南區', '台中市南區德富路30號', 24.12079942759477, 120.65331411736305, 'B2', '台中德富門市', 1, '0700-2100'),
(459, '臺中市', '東區', '台中市東區復興路四段186號1-1號', 24.13617838752872, 120.6876681340766, 'B1', '台中新時代門市', 6, '0700-2200'),
(460, '臺中市', '東區', '台中市東區十甲東路566號', 24.140760376085467, 120.70829603624219, 'B2', '十甲東門市', 1, '0700-2100'),
(461, '臺中市', '北屯區', '台中市北屯區中清路二段769號', 24.18655582683047, 120.66331877375765, 'B1', '中清門市', 1, '0700-2230'),
(462, '臺中市', '北屯區', '台中市北屯區文心路四段817號', 24.171667472972548, 120.69166326889673, 'B1', '文心昌平門市', 1, '0700-2200'),
(463, '臺中市', '北屯區', '台中市北屯區松竹路二段350號', 24.182617858368328, 120.69061092767583, 'B1', '松竹門市', 1, '0700-2100'),
(464, '臺中市', '北屯區', '台中市北屯區軍功路一段720號', 24.174219421083176, 120.71917156724939, 'B1', '軍功東山門市', 1, '0700-2200'),
(465, '臺中市', '北屯區', '台中市北屯區崇德路三段398號', 24.188342926944756, 120.68648515780693, 'B1', '崇德昌平門市', 1, '0700-2230'),
(466, '臺中市', '北屯區', '台中市北屯區北平路三段146號', 24.170840560958045, 120.68392087645483, 'B2', '台中北平門市', 1, '0800-1800'),
(467, '臺中市', '北屯區', '台中市北屯區景賢路232號', 24.16706291830576, 120.72414436500857, 'B2', '景賢門市', 1, '0700-2100'),
(468, '臺中市', '北屯區', '台中市北屯區松竹五路二段228號', 24.17804045881554, 120.71357840318798, 'B2', '葳格軍福門市', 1, '0700-2000'),
(469, '臺中市', '北屯區', '台中市北屯區崇德路三段181號', 24.18705695946807, 120.6860010737586, 'B2', '崇德直營門市', 1, '0730-2300'),
(470, '臺中市', '南屯區', '台中市南屯區龍富路五段1號', 24.152045, 120.626405, 'D1', '台中市立圖書館-李科永紀念圖書分館', 1, '0830-1730'),
(471, '臺中市', '西區', '台中市西區民權路95號8樓', 24.13816, 120.679178, 'D1', '財政部中區國稅局大智稽徵所', 1, '0830-1730'),
(472, '臺中市', '西區', '台中市西區安龍里英才路600號B1-A', 24.141522, 120.665695, 'D1', '臺中市立大墩文化中心', 1, '0800-2100'),
(473, '臺中市', '北區', '台中市北區學士路與美德街口', 24.15811, 120.68128, 'D1', '北區中正公園B', 2, 'F'),
(474, '臺中市', '北區', '台中市北區健行路359號', 24.158936, 120.683172, 'D1', '臺中市立圖書館-北區分館', 1, '0830-1730'),
(475, '臺中市', '北區', '台中市北區精武路291之3號', 24.145884, 120.684744, 'D1', '臺中市立圖書館-精武圖書館', 4, '0830-1730'),
(476, '臺中市', '西屯區', '台中市西屯區華美西街二段與太原路交界處', 24.163627, 120.663373, 'D1', '華美公園', 1, 'F'),
(477, '臺中市', '西屯區', '台中市西屯區中科路2966號', 24.17933640200784, 120.65601926535119, 'D1', '水湳中央公園', 5, 'F'),
(478, '臺中市', '西屯區', '台中市西屯區林厝里中科路2號', 24.2103336658219, 120.619285940993, 'D1', '中部科學園區管理局行政大樓', 4, '0830-1730'),
(479, '臺中市', '西屯區', '台中市西屯區文心路二段588號', 24.159566, 120.648342, 'D1', '臺中市政府環境保護局', 1, '0800-1700'),
(480, '臺中市', '西屯區', '台中市西屯區福聯里福順路1177號', 24.18628712174, 120.601615011692, 'D1', '東海殯儀館', 5, '0800-1700'),
(481, '臺中市', '南區', '台中市南區建國南路一段208號', 24.1232552671145, 120.655814409256, 'D1', '大慶夜市', 4, '1800-2400'),
(482, '臺中市', '南區', '台中市南區興大路145號', 24.123235, 120.675983, 'D1', '中興大學', 4, 'F'),
(483, '臺中市', '南區', '台中市東區泉源里19鄰建成路500號', 24.134452, 120.695437, 'D1', '建國市場', 1, '0500-1200'),
(484, '臺中市', '北屯區', '台中市北屯區豐樂路2段168號', 24.19504, 120.67953, 'D1', '財政部中區國稅局東山稽徵所', 4, '0830-1730'),
(485, '臺中市', '北屯區', '台中市北屯區昌平東二路與崇德十路1段路口', 24.1870921031996, 120.688333511353, 'D1', '八二三公園', 4, 'F'),
(486, '臺中市', '北屯區', '台中市北屯區旅順路二段73號', 24.1755135831705, 120.687684416771, 'D1', '民俗公園A(', 4, 'F'),
(487, '臺中市', '大里區', '台中市大里區甲堤南路1號', 24.099368, 120.694063, 'D1', '十九甲健康公園', 4, 'F'),
(488, '臺中市', '大里區', '台中市大里區中興路一段163號', 24.087682, 120.695662, 'D1', '臺中市立圖書館-大里分館', 5, '0830-1730'),
(489, '臺中市', '太平區', '台中市太平區民族街27號', 24.152564, 120.713438, 'D1', '立德公園', 1, 'F'),
(490, '臺中市', '太平區', '台中市太平區太平路446號', 24.124833, 120.715632, 'D1', '太平區公有零售市場', 4, '1400-1900'),
(491, '臺中市', '和平區', '台中市和平區東關路一段102號', 24.203341, 121.006868, 'D1', '谷關遊客服務中心', 6, '0830-1730'),
(492, '臺中市', '外埔區', '台中市外埔區甲后路三段1060號', 24.332987, 120.652269, 'D1', '臺中市立圖書館-外埔分館', 1, '0830-1730'),
(493, '臺中市', '大安區', '台中市大安區北汕路86巷1號', 24.3824407921017, 120.585898876125, 'D1', '大安海水浴場停車場', 1, 'F'),
(494, '臺中市', '神岡區', '台中市神岡區大明路566號', 24.26567842886522, 120.7004254610706, 'D1', '豐洲公園', 4, 'F'),
(495, '臺中市', '神岡區', '台中市神岡區中山路1460號', 24.259063, 120.660956, 'D1', '臺中市立圖書館-神岡分館', 1, '0830-1730'),
(496, '臺中市', '潭子區', '台中市潭子區中山路二段399號', 24.213537, 120.70502, 'D1', '臺中市立圖書館-潭子分館', 1, '0830-1730'),
(497, '臺中市', '烏日區', '台中市烏日區興祥街121號', 24.10934, 120.637366, 'D1', '臺中市立圖書館-烏日分館', 1, '0830-1730'),
(498, '臺中市', '霧峰區', '台中市霧峰區五福里峰堤路759號旁', 24.0798993217387, 120.661613345146, 'D1', '五福綠地', 4, 'F'),
(499, '臺中市', '南屯區', '台中市南屯區五權西路2段961號', 24.145164654441782, 120.6324697892027, 'C1', '台中五權西二旗艦專櫃', 1, 'F'),
(500, '臺中市', '南屯區', '台中市南屯區黎明路二段386號', 24.150673445886927, 120.63543184715596, 'C1', '台中黎明二', 1, '0600-2400'),
(501, '臺中市', '南屯區', '台中市 南屯區文心南路61號', 24.135221854147943, 120.64625110791701, 'C1', '台中文心南旗艦專櫃', 1, 'F'),
(502, '臺中市', '南屯區', '台中市南屯區公益路二段128號', 24.151035238826257, 120.64889770983028, 'C1', '台中公益二', 1, 'F'),
(503, '臺中市', '南屯區', '台中市南屯區五權西路2段250號1樓', 24.14026068590352, 120.64892972596782, 'C2', '台中五權西旗艦專櫃', 1, 'F'),
(504, '臺中市', '南屯區', '台中市南屯區五權西路二段931、933號', 24.144807487180074, 120.63314926857726, 'C2', '台中五權西二餐廳', 1, '0700-2400'),
(505, '臺中市', '南屯區', '台中市南屯區五權西路二段136號', 24.14027961640559, 120.65156919296642, 'C2', '台中五權西餐廳', 1, '0700-2400');
INSERT INTO `wc` (`Id`, `City`, `District`, `Address`, `Latitude`, `Longitude`, `Classification`, `Shopname`, `Type`, `Businesshours`) VALUES
(506, '臺中市', '西區', '台中市西區台灣大道二段412號B1', 24.155122081742253, 120.66396812490443, 'C1', '中港四旗艦專櫃', 1, 'F'),
(507, '臺中市', '西區', '台中市西區公益路163號', 24.15073915992517, 120.66223929707546, 'C2', '台中公益餐廳', 1, '1100-2400'),
(508, '臺中市', '北區', '台中市北區館前路1號2樓', 24.156696135482523, 120.66643692701781, 'C1', '台中館前', 1, '0900-1700'),
(509, '臺中市', '北區', '台中市北區學士路83號', 24.15514677469243, 120.68166591402364, 'C1', '台中學士', 1, 'F'),
(510, '臺中市', '北區', '台中市北區太平路22號', 24.14779962793121, 120.68537237109088, 'C1', '台中尊賢', 1, 'F'),
(511, '臺中市', '北區', '台中市北區崇德路1段298號', 24.162655235370156, 120.68524568112642, 'C1', '台中崇德旗艦專櫃', 1, 'F'),
(512, '臺中市', '北區', '台中市北區中清路一段786號', 24.170827506759572, 120.67220135681622, 'C1', '台中新大雅旗艦專櫃', 1, 'F'),
(513, '臺中市', '北區', '台中市北區五權路202號', 24.150342137818793, 120.67645014661407, 'C2', '台中五權餐廳', 1, '0700-2400'),
(514, '臺中市', '中區', '台中市中區台灣大道一段36號', 24.138329219191256, 120.68437421809406, 'C1', '台中中正', 1, '0600-2400'),
(515, '臺中市', '中區', '台中市中區台灣大道一段38號', 24.1383676825584, 120.68433802709572, 'C2', '台中站前餐廳', 1, '1000-2300'),
(516, '臺中市', '南區', '台中市南區復興路3段41號', 24.12863515835536, 120.66846115248775, 'C1', '台中復興三旗艦專櫃', 1, 'F'),
(517, '臺中市', '南區', '台中市南區復興路3段318號', 24.132402821293343, 120.67842048640236, 'C1', '台中復興', 1, 'F'),
(518, '臺中市', '南區', '台中市南區復興路2段6-1號1樓', 24.117198877730083, 120.65814259322103, 'C1', '台中復興二', 1, 'F'),
(519, '臺中市', '南區', '台中市南區復興路3段41號', 24.128634206468018, 120.66845967468831, 'C1', '台中復興三旗艦專櫃', 1, 'F'),
(520, '臺中市', '南區', '台中市南區復興路二段8之1號', 24.11738543333941, 120.65826643105251, 'C2', '台中復興餐廳', 1, '1000-2300'),
(521, '臺中市', '東區', '台中市東區精武東路109號', 24.14952457236295, 120.70972243732211, 'C1', '台中精武東旗艦專櫃', 1, 'F'),
(522, '臺中市', '東區', '台中市東區復興路四段108號', 24.1354561655081, 120.68563244298025, 'C2', '台中後車站餐廳', 1, '1000-2300'),
(523, '臺中市', '西屯區', '台中市西屯區台灣大道四段620號', 24.17928388879771, 120.62349734758828, 'C1', '中港二旗艦專櫃', 1, 'F'),
(524, '臺中市', '西屯區', '台中市 西屯區文心路2段57號1樓', 24.157757265066216, 120.64653174793756, 'C1', '台中文心二旗艦專櫃', 1, 'F'),
(525, '臺中市', '西屯區', '台中市西屯區台灣大道四段1058號', 24.183518265556714, 120.61531056732252, 'C1', '台中中港六旗艦專櫃', 1, 'F'),
(526, '臺中市', '西屯區', '台中市西屯區上石里河南路2段466號1樓', 24.17090926903637, 120.64355721905054, 'C1', '台中河南', 1, 'F'),
(527, '臺中市', '西屯區', '台中市西屯區文心路三段119號', 24.16891586918993, 120.65496103324347, 'C1', '台中文心六', 1, 'F'),
(528, '臺中市', '西屯區', '台中市西屯區福星路427號1樓', 24.179022602661128, 120.64525390297783, 'C1', '台中逢甲', 1, 'F'),
(529, '臺中市', '西屯區', '台中市西屯區文心路3段119-1號', 24.168834967005164, 120.65503326926007, 'C2', '台中文心三餐廳', 1, '1000-2300'),
(530, '臺中市', '西屯區', '台中市西屯區福星北路1號 1~2樓', 24.182540095422812, 120.6447420280729, 'C2', '台中福星餐廳', 1, '1100-2300'),
(531, '臺中市', '西屯區', '台中市西屯區河南路二段363-7、363-8號', 24.171538909348026, 120.64461125534002, 'C2', '台中河南餐廳', 1, '0700-2300'),
(532, '臺中市', '西屯區', '台中市西屯區永福路120號', 24.184468350894498, 120.62113117338055, 'C2', '台中永福餐廳', 1, '0700-2400'),
(533, '臺中市', '北屯區', '台中市北屯區北屯路432之1號', 24.179271053730996, 120.70114961686318, 'C1', '台中北屯旗艦專櫃', 1, 'F'),
(534, '臺中市', '北屯區', '台中市北屯區文心路4段341號', 24.172869534510248, 120.6810452767447, 'C1', '台中文心五旗艦專櫃', 1, 'F'),
(535, '臺中市', '北屯區', '台中市北屯區崇德路3段191號1樓', 24.187392164946036, 120.68606849203074, 'C1', '台中崇德二旗艦專櫃', 1, 'F'),
(536, '臺中市', '北屯區', '台中市北屯區中清路二段896號', 24.187743006924848, 120.6630578511321, 'C1', '台中中清旗艦專櫃', 1, 'F'),
(537, '臺中市', '北屯區', '台中市北屯區軍功路1段611號', 24.1751334505166, 120.71894775774022, 'C1', '台中軍功旗艦專櫃', 1, 'F'),
(538, '臺中市', '北屯區', '台中市北屯區文心路四段520號', 24.172075957774293, 120.6842709214165, 'C2', '台中文心二餐廳', 1, '1100-2300'),
(539, '臺中市', '北屯區', '台中市北屯區崇德路三段463號', 24.191155773640777, 120.68620391137122, 'C2', '台中崇德餐廳', 1, '1000-2300'),
(540, '臺中市', '北屯區', '台中市北屯區中清路二段915,917號', 24.187953845454928, 120.66247256867685, 'C2', '台中中清餐廳', 1, '0700-2300'),
(541, '臺中市', '北屯區', '台中市北屯區文心路四段153號', 24.17369311646009, 120.67639596923851, 'C2', '台中文心餐廳', 1, '0700-2400'),
(542, '臺中市', '大里區', '台中市大里區國光路2段177號1樓', 24.10350259765712, 120.68133614785602, 'C1', '大里國光旗艦專櫃', 1, 'F'),
(543, '臺中市', '太平區', '台中市太平區中山路三段45號', 24.14881107962126, 120.7191864812931, 'C1', '太平中山', 1, 'F'),
(544, '臺中市', '太平區', '台中市太平區中興路43號1樓', 24.128016923691554, 120.71703645180605, 'C1', '太平中興', 1, '0600-2400'),
(545, '臺中市', '潭子區', '台中市潭子區中山路2段343號1樓', 24.212151145341466, 120.70516385383871, 'C1', '潭子中山', 1, 'F'),
(546, '臺中市', '龍井區', '台中市龍井區遊園南路185號1樓', 24.18192921861225, 120.5841957170858, 'C1', '台中新興', 1, 'F'),
(547, '臺中市', '烏日區', '台中市烏日區中山路1段346號1樓', 24.108204481827645, 120.63882213238135, 'C1', '台中烏日', 1, 'F'),
(548, '臺中市', '烏日區', ' 台中市烏日區新興路253號', 24.104115292690178, 120.62415982205002, 'C1', '烏日新興旗艦專櫃店', 1, '0600-2400'),
(549, '臺中市', '南屯區', '台中市南屯區大業路182號1樓', 24.153736711588923, 120.65092264476813, 'C3', '台中大業店', 1, '0600-2200'),
(550, '臺中市', '南屯區', '台中市南屯區公益路二段497號', 24.15125332620174, 120.63756783228139, 'C3', '台中公益店', 1, 'F'),
(551, '臺中市', '南屯區', '台中市南屯區永春東路820號1.2樓', 24.13508511089577, 120.64172990140668, 'C3', '台中豐樂店', 1, '0600-2200'),
(552, '臺中市', '西區', '台中市西區台灣大道二段400號', 24.15529521277253, 120.66453628713334, 'C3', '科博館店', 1, '0600-2200'),
(553, '臺中市', '北區', '台中市北區學士路300號1.2樓', 24.16235440939953, 120.68108087181818, 'C3', '台中學士店', 1, 'F'),
(554, '臺中市', '北區', '台中市北區中清路一段608號', 24.16818811968018, 120.6730277497043, 'C3', '曉明女中店', 1, '0600-2100'),
(555, '臺中市', '北區', '台中市北區西屯路一段363-1號1.2樓', 24.161192686905455, 120.66470299519291, 'C3', '台中西屯店', 1, '0600-2100'),
(556, '臺中市', '西屯區', '台中市西屯區文心路三段310號1.2樓', 24.17153020685664, 120.66126583141256, 'C3', '台中文心店', 1, '0600-2400'),
(557, '臺中市', '西屯區', '台中市西屯區青海路二段207-18號', 24.17026584868518, 120.64490745389882, 'C3', '台中青海店', 1, '0700-2200'),
(558, '臺中市', '西屯區', '台中市西屯區台灣大道四段958,960號', 24.182511302815207, 120.61709416357063, 'C3', '中港澄清店', 1, '0600-2200'),
(559, '臺中市', '西屯區', '台中市西屯區文心路二段201號', 24.159656926857384, 120.64724771921186, 'C3', '市政文心店', 1, '0630-2200'),
(560, '臺中市', '南區', '台中市南區復興路一段439之1號1.2樓', 24.116852239596497, 120.65715278337794, 'C3', '台中復興店', 1, '0600-2300'),
(561, '臺中市', '南區', '台中市南區三民西路212號', 24.130241987263066, 120.66166490291906, 'C3', '三民美村店', 1, '0600-2200'),
(562, '臺中市', '東區', '台中市東區精武東路95號', 24.149217879821197, 120.70837762251558, 'C3', '精武東路店', 1, '0600-2200'),
(563, '臺中市', '北屯區', '台中市北屯區崇德路二段326號', 24.176756919430062, 120.68597763110802, 'C3', '台中崇德二店', 1, '0600-2200'),
(564, '臺中市', '北屯區', '台中市北屯區軍功路一段605號1F~3F', 24.174835839009926, 120.71895128785222, 'C3', '台中軍功店', 1, '0600-2200'),
(565, '臺中市', '南屯區', '台中市南屯區大墩路533號B1', 24.149574131208944, 120.64966644582137, 'E1', '大墩店', 1, '0900-2300'),
(566, '臺中市', '南屯區', '台中市南屯區文心路一段521號', 24.15417790713945, 120.64596576971311, 'E1', '文心店', 1, '0900-2300'),
(567, '臺中市', '西屯區', '台中市西屯區台灣大道四段1086號', 24.183934026974203, 120.61469431149689, 'E1', '西屯店', 1, '0900-2300'),
(568, '臺中市', '西屯區', '台中市西屯區中清路三段436號', 24.20702022580972, 120.652939938871, 'E1', '中清店', 1, 'F'),
(569, '臺中市', '西屯區', '台中市西屯區青海路二段207-18號', 24.170162560892106, 120.64481300588969, 'E1', '青海店', 1, 'F'),
(570, '臺中市', '東區', '台中市東區復興路4段186號B1', 24.136118075436134, 120.6876001099276, 'E1', '德安店', 1, 'F'),
(571, '臺中市', '豐原區', '台中市豐原區成功路500號', 24.252172057089115, 120.70601220668664, 'E1', '豐原店', 1, '0900-2300'),
(572, '臺中市', '太平區', '台中市太平區中平七街70號', 24.124916975104963, 120.71955662370192, 'E1', '太平店', 1, '0900-2230'),
(573, '臺中市', '沙鹿區', '台中市沙鹿區光華路336號', 24.242549350601458, 120.56526343227347, 'E1', '沙鹿店', 1, '0900-2300'),
(574, '臺中市', '豐原區', '台中市豐原區南村里水源路420號', 24.257026995079038, 120.73486851869812, 'E2', '豐原店', 1, '0930-2230'),
(575, '臺中市', '南區', '台中市復興路一段359號', 24.114800409861477, 120.65439838669215, 'E2', '復興店', 1, '0900-2230'),
(576, '臺中市', '西屯區', '台中市西屯區中清路二段1199號', 24.192578363780814, 120.65950547698824, 'E2', '水湳店', 1, '0900-2230'),
(577, '臺中市', '大里區', '台中市大里區國光路2段710號', 24.11575832965453, 120.67960367130813, 'E3', '國光店', 1, '0830-2200'),
(578, '臺中市', '北屯區', '台中市406北屯區北屯路370號', 24.17641583073627, 120.69980056457199, 'E3', '北屯店', 1, '0830-2200'),
(579, '臺中市', '北區', '台中市北區忠明路499號', 24.16314141408005, 120.67215211571374, 'E4', ' 忠明店', 1, '0800-2230'),
(580, '臺中市', '南屯區', '台中市南屯區向上路二段168號', 24.147115953886225, 120.64303838841434, 'E4', '台中店', 1, '1000-2200'),
(581, '臺中市', '北區', '台中市北區三民路三段161號', 24.1522159661464, 120.6847826812328, 'F1', '', 5, '1100-2200'),
(582, '臺中市', '西區', '台中市西區台灣大道二段459號', 24.15527919911244, 120.66177310195967, 'F1', '', 5, '1100-2200'),
(583, '臺中市', '東區', '台中市東區復興路四段186號', 24.13615478039574, 120.68791044014728, 'F1', '', 5, '1100-2200'),
(584, '臺中市', '西屯區', '台中市西屯區台灣大道三段251號', 24.164546312172533, 120.64458608973761, 'F1', 'TOP CITY台中大遠百', 5, '1100-2200'),
(585, '臺中市', '西屯區', '台中市西屯區台灣大道三段301號', 24.16525686689115, 120.64370826104971, 'F1', '台中中港店', 5, '1100-2200'),
(586, '臺中市', '豐原區', '台中市豐原區復興路2號', 24.250756916754234, 120.72061334144827, 'F1', '豐原店', 5, '1100-2200'),
(587, '臺中市', '南屯區', '台中市南屯區公益路二段2號', 24.151095551983534, 120.6528568791789, 'G1', '公益路加油站', 1, 'F'),
(588, '臺中市', '南屯區', '台中市南屯區五權西路二段562號', 24.141362651384586, 120.64130640255256, 'G1', '五權西路加油站', 1, 'F'),
(589, '臺中市', '南屯區', '台中市南屯區黎明路一段92號', 24.11424040406255, 120.626305134813, 'G1', '黎明路加油站', 1, 'F'),
(590, '臺中市', '南屯區', '台中市南屯區向上路二段185號', 24.146782374827886, 120.64200445616552, 'G1', '向上加油站', 1, '0700-2230'),
(591, '臺中市', '南屯區', '台中市南屯區五權西路三段208號', 24.154558715357314, 120.61216985100201, 'G1', '知高加油站', 1, '0630-2230'),
(592, '臺中市', '南屯區', '台中市南屯區忠勇路16-5號', 24.135861033904124, 120.61186958343907, 'G1', '台糖忠勇加油站', 1, '0630-2230'),
(593, '臺中市', '南屯區', '台中市南屯區永春路42之37號', 24.139344947298557, 120.61465927747297, 'G1', '永春加油站', 1, 'F'),
(594, '臺中市', '南屯區', '台中市南屯區永春路35之25號', 24.139059712507915, 120.614513125132, 'G1', '春社加油站', 1, 'F'),
(595, '臺中市', '南屯區', '台中市南屯區黎明路一段515號', 24.123063017666087, 120.63001562997623, 'G1', '萬和加油站', 1, 'F'),
(596, '臺中市', '南屯區', '台中市南屯區工業區25路25之1號', 24.16078664361547, 120.60183702937346, 'G1', '南屯加油站', 1, 'F'),
(597, '臺中市', '南屯區', '台中市南屯區工業區18路26之1號', 24.15600864876343, 120.60895609132245, 'G1', '台中工業區南站加油站', 1, 'F'),
(598, '臺中市', '南屯區', '台中市南屯區五權西路二段1260號', 24.15026811364552, 120.6225653423392, 'G1', '南屯交流道加油站', 1, 'F'),
(599, '臺中市', '南屯區', '台中市南屯區工業區18路28之1號', 24.155487858408215, 120.60807664412117, 'G1', '嘉大加油站', 1, 'F'),
(600, '臺中市', '南屯區', '台中市南屯區忠勇路1號', 24.126953175383175, 120.60752819778155, 'G1', '台糖成功嶺加油站', 1, '0630-2130'),
(601, '臺中市', '南屯區', '台中市南屯區五權西路三段350號', 24.161926461703, 120.6059372225388, 'G1', '統一精工南屯加油站', 1, 'F'),
(602, '臺中市', '南屯區', '台中市南屯區五權西路二段1001號', 24.1469491026196, 120.62999307044008, 'G1', '中村加油站', 1, 'F'),
(603, '臺中市', '南屯區', '台中市南屯區環中路四段88號', 24.1456264370972, 120.62276719695932, 'G1', '新富加油站', 1, 'F'),
(604, '臺中市', '西區', '台中市西區三民路一段1號', 24.128133077723707, 120.66696015929958, 'G1', '三民路加油站', 1, '0700-1800'),
(605, '臺中市', '西區', '台中市西區向上路一段27號', 24.146454091469135, 120.66796994832474, 'G1', '向上路加油站', 1, 'F'),
(606, '臺中市', '西區', '台中市西區向上路一段272號', 24.146799534897912, 120.65749505421833, 'G1', '重光加油站', 1, 'F'),
(607, '臺中市', '西區', '台中市西區忠明南路14號', 24.156269544608136, 120.65891306845789, 'G1', '忠明圓環加油站', 1, 'F'),
(608, '臺中市', '西區', '台中市西區五權路2之210號', 24.132820229466567, 120.66703258481395, 'G1', '達和加油站', 1, 'F'),
(609, '臺中市', '西區', '台中市西區三民西路70號', 24.13112958605557, 120.66583729725116, 'G1', '三民西路加油站', 1, 'F'),
(610, '臺中市', '西區', '台中市西區五權路105號', 24.14640475909169, 120.67199795390623, 'G1', '山隆五權加油站', 1, 'F'),
(611, '臺中市', '西區', '台中市西區五權路1-208號', 24.131166775412673, 120.66745985610675, 'G1', '全國五權路加油站', 1, 'F'),
(612, '臺中市', '西區', '台中市西區五權西路一段246號', 24.140264900889687, 120.65581174932314, 'G1', '台灣優力五權西加油站', 1, 'F'),
(613, '臺中市', '北區', '台中市北區大雅路69號', 24.155635649018446, 120.67666812212471, 'G1', '英才加油站', 1, 'F'),
(614, '臺中市', '北區', '台中市北區五權路217號', 24.149744013202117, 120.67550900962131, 'G1', '福懋五權路加油站', 1, 'F'),
(615, '臺中市', '北區', '台中市北區三民路三段225號', 24.154235878389027, 120.68560545758392, 'G1', '大同加油站', 1, '0700-2200'),
(616, '臺中市', '北區', '台中市北區大雅路94號', 24.155532461611983, 120.67717780271006, 'G1', '大雅路加油站', 1, '0700-2200'),
(617, '臺中市', '北區', '台中市北區三民路三段50號', 24.146753397175722, 120.6830602057748, 'G1', '公園路加油站', 1, 'F'),
(618, '臺中市', '北區', '台中市北區進化路656號', 24.1611904876118, 120.69438054059631, 'G1', '進化路加油站', 1, 'F'),
(619, '臺中市', '北區', '台中市北區進化北路309號', 24.162945080911726, 120.6818609058721, 'G1', '進化北路加油站', 1, 'F'),
(620, '臺中市', '北區', '台中市北區金龍里北屯路39號', 24.160304570911084, 120.69155890426424, 'G1', '親親加油站', 1, 'F'),
(621, '臺中市', '北區', '台中市北區中清路一段261號', 24.15929209922427, 120.67562452606465, 'G1', '健行路站', 1, 'F'),
(622, '臺中市', '中區', '台中市中區柳川西路三段2號', 24.141818542588684, 120.67558562308349, 'G1', '加得利加油站', 1, 'F'),
(623, '臺中市', '西屯區', '台中市西屯區中清路三段1號', 24.199911437793748, 120.65513525719723, 'G1', '員村中清路加油站', 1, 'F'),
(624, '臺中市', '西屯區', '台中市西屯區福雅路300號', 24.19266516686555, 120.62313189525887, 'G1', '長安加油站', 1, 'F'),
(625, '臺中市', '西屯區', '台中市西屯區工業八路二號', 24.174294348357126, 120.60427122409592, 'G1', '年豐棧加油站', 1, '0700-2100'),
(626, '臺中市', '西屯區', '台中市西屯區文心路三段187號', 24.171515907782588, 120.65981317548291, 'G1', '文華加油站', 1, 'F'),
(627, '臺中市', '西屯區', '台中市西屯區環中路三段800號', 24.16246035822761, 120.6281739924803, 'G1', '安祥加油站', 1, '0700-0100'),
(628, '臺中市', '西屯區', '台中市西屯區福康路199號', 24.18772991586718, 120.61854714217208, 'G1', '世貿加油站', 1, 'F'),
(629, '臺中市', '西屯區', '台中市西屯區中清路225-1號', 24.20798300428115, 120.6512057488298, 'G1', '全國大雅交流道加油站', 1, 'F'),
(630, '臺中市', '西屯區', '台中市西屯區西屯路三段90-28號', 24.183691848554762, 120.62984698623019, 'G1', '福懋永安加油站', 1, 'F'),
(631, '臺中市', '西屯區', '台中市西屯區福科路110號', 24.180118281982438, 120.63249161170494, 'G1', '光凰加油站', 1, 'F'),
(632, '臺中市', '西屯區', '台中市西屯區環中路二段1286號', 24.1793627528093, 120.63439058521638, 'G1', '環中加油站', 1, 'F'),
(633, '臺中市', '西屯區', '台中市西屯區環中路一段1670號', 24.201585370082018, 120.66319789683119, 'G1', '中清交流道加油站', 1, 'F'),
(634, '臺中市', '西屯區', '台中市西屯區青海路二段211號', 24.171338968115982, 120.64394631951741, 'G1', '青海路加油站', 1, 'F'),
(635, '臺中市', '西屯區', '台中市西屯區文心路三段2號', 24.162759725153684, 120.6500725508267, 'G1', '文心路加油站', 1, 'F'),
(636, '臺中市', '西屯區', '台中市西屯區台灣大道四段1832號', 24.182696982924977, 120.60105403317128, 'G1', '東大加油站', 1, 'F'),
(637, '臺中市', '西屯區', '台中市西屯區協和里安和路51之8號', 24.166183543073, 120.61889776547244, 'G1', '安和加油站', 1, '0700-2300'),
(638, '臺中市', '西屯區', '台中市西屯區上石里河南路二段341號', 24.1720618876618, 120.6454881472332, 'G1', '河南路加油站', 1, 'F'),
(639, '臺中市', '西屯區', '台中市西屯區西屯路三段77之3號', 24.182368205383668, 120.6336284319485, 'G1', '全國西屯加油站', 1, 'F'),
(640, '臺中市', '西屯區', '台中市西屯區中清路194之30號', 24.202114346392683, 120.65442340299134, 'G1', '中清加油站', 1, 'F'),
(641, '臺中市', '西屯區', '台中市西屯區台灣大道五段142號', 24.18429570883906, 120.59066175788685, 'G1', '大肚山加油站', 1, '0700-2230'),
(642, '臺中市', '西屯區', '台中市西屯區安和路49-5號', 24.165950411583115, 120.61859942328242, 'G1', '台亞安和路加油站', 1, '0600-2200'),
(643, '臺中市', '北屯區', '臺中市北屯區敦富東街100號', 24.189132, 120.70864, 'H1', '北屯總站', 6, '0600-2400'),
(644, '臺中市', '北屯區', '臺中市北屯區松竹路一段1250號', 24.182289, 120.707294, 'H1', '舊社站', 6, '0600-2400'),
(645, '臺中市', '北屯區', '臺中市北屯區北屯路458號', 24.180807, 120.70145, 'H1', '松竹站', 6, '0600-2400'),
(646, '臺中市', '北屯區', '臺中市北屯區文心路四段 898號', 24.171243, 120.693295, 'H1', '四維國小站', 6, '0600-2400'),
(647, '臺中市', '北屯區', '臺中市北屯區文心路四段 538 號', 24.172194, 120.684869, 'H1', '文心崇德站', 6, '0600-2400'),
(648, '臺中市', '北區', '臺中市北區文心路三段700號', 24.173682, 120.670599, 'H1', '文心中清站', 6, '0600-2400'),
(649, '臺中市', '西屯區', '臺中市西屯區文心路三段199號', 24.171416, 120.660455, 'H1', '文華高中站', 6, '0600-2400'),
(650, '臺中市', '西屯區', '臺中市西屯區文心路三段107之28號', 24.167587, 120.653718, 'H1', '文心櫻花站', 6, '0600-2400'),
(651, '臺中市', '西屯區', '臺中市西屯區文心路二段688號、699號', 24.161788, 120.649041, 'H1', '市政府站', 6, '0600-2400'),
(652, '臺中市', '南屯區', '臺中市南屯區文心路一段519號', 24.1531, 120.6468, 'H1', '水安宮站', 6, '0600-2400'),
(653, '臺中市', '南屯區', '臺中市南屯區文心路一段259號', 24.1454, 120.6467, 'H1', '文心森林公園站', 6, '0600-2400'),
(654, '臺中市', '南屯區', '臺中市南屯區五權西路二段328號', 24.1405, 120.6467, 'H1', '南屯站', 6, '0600-2400'),
(655, '臺中市', '南屯區', '臺中市南屯區文心南路168號', 24.1326, 120.6464, 'H1', '豐樂公園站', 6, '0600-2400'),
(656, '臺中市', '南區', '臺中市南區建國北路一段11號', 24.1191, 120.6476, 'H1', '大慶站', 6, '0600-2400'),
(657, '臺中市', '烏日區', '臺中市烏日區建國路915號', 24.1145, 120.6401, 'H1', '九張犁站', 6, '0600-2400'),
(658, '臺中市', '烏日區', '臺中市烏日區建國路639號', 24.111, 120.6345, 'H1', '九德站', 6, '0600-2400'),
(659, '臺中市', '烏日區', '臺中市烏日區建國路295號', 24.1089, 120.6249, 'H1', '烏日站', 6, '0600-2400'),
(660, '臺中市', '烏日區', '臺中市烏日區高鐵東一路28號', 24.110314, 120.613573, 'H1', '高鐵臺中站', 6, '0600-2400'),
(661, '臺中市', '西屯區', '台中市西屯區河南路二段198號', 24.17632944284206, 120.65257837855268, 'G1', '康旺加油站', 1, 'F'),
(662, '臺中市', '西屯區', '台中市西屯區河南路二段35號', 24.173854659849944, 120.66003601376657, 'G1', '台亞大鵬加油站', 1, 'F'),
(663, '臺中市', '西屯區', '台中市西屯區廣福路191號', 24.198382318427424, 120.64253255190017, 'G1', '光明路加油站', 1, '0600-2400'),
(664, '臺中市', '西屯區', '台中市西屯區環中路一段2490號', 24.200710290245695, 120.65697467925786, 'G1', '恩光中清交流道加油站', 1, 'F'),
(665, '臺中市', '西屯區', '台中市西屯區環中路二段698號', 24.19491835048355, 120.644264950119, 'G1', '統一精工廣福加油站', 1, 'F'),
(666, '臺中市', '南區', '台中市南區復興路一段70號', 24.112562542698445, 120.65214664116844, 'G1', '福懋復興路加油站', 1, 'F'),
(667, '臺中市', '南區', '台中市南區復興路三段291號', 24.132070978179268, 120.6768835323844, 'G1', '北基復興路加油站', 1, 'F'),
(668, '臺中市', '南區', '台中市南區復興路三段73號', 24.1288779407398, 120.66918016437226, 'G1', '復興路加油站', 1, 'F'),
(669, '臺中市', '南區', '台中市南區建成路1161號', 24.126275048403183, 120.67531530797426, 'G1', '建成加油站', 1, 'F'),
(670, '臺中市', '南區', '台中市南區美村南路77號', 24.119205171337, 120.66676106147463, 'G1', '永和街加油站', 1, '0700-2200'),
(671, '臺中市', '南區', '台中市南區南區復興路一段385號', 24.115489197482017, 120.65539229476, 'G1', '正豪加油站', 1, 'F'),
(672, '臺中市', '南區', '台中市南區建成路1060號', 24.12890939707079, 120.68327454010898, 'G1', '路昇站', 1, 'F'),
(673, '臺中市', '南區', '台中市南區工學北路二號', 24.1203561516582, 120.66257855685562, 'G1', '總興加油站', 1, 'F'),
(674, '臺中市', '南區', '台中市南區文心南路641號', 24.11734240121873, 120.652967203094, 'G1', '文南加油站', 1, 'F'),
(675, '臺中市', '南區', '台中市南區文心南路598號', 24.117829568302838, 120.65320122583113, 'G1', '樹德公園加油站', 1, 'F'),
(676, '臺中市', '東區', '台中市東區樂業路406號', 24.137010612407213, 120.70539030207722, 'G1', '全國樂業路加油站', 1, 'F'),
(677, '臺中市', '東區', '台中市東區建成路556號', 24.133376264967332, 120.69389622877895, 'G1', '振興路加油站', 1, '0700-2200'),
(678, '臺中市', '東區', '台中市東區建成路495號', 24.135141788018156, 120.69640337369296, 'G1', '東虹加油站', 1, 'F'),
(679, '臺中市', '東區', '台中市東區精武東路42號', 24.148428331354822, 120.70616165606599, 'G1', '台亞精武加油站', 1, 'F'),
(680, '臺中市', '東區', '台中市東區自由路四段170號', 24.142623962305535, 120.70141078398393, 'G1', '自由加油站', 1, 'F'),
(681, '臺中市', '東區', '台中市東區大智路85號', 24.133984280323926, 120.68924648257006, 'G1', '大智加油站', 1, '0700-2300'),
(682, '臺中市', '東區', '台中市東區旱溪街217號', 24.1403897033381, 120.70209244925015, 'G1', '旱溪加油站', 1, '0600-2300'),
(683, '臺中市', '東區', '台中市東區建成路745號', 24.1303541448398, 120.68757489668884, 'G1', '中連加油站', 1, 'F'),
(684, '臺中市', '東區', '台中市東區大智路210號', 24.131855616401605, 120.69006035826212, 'G1', '統一精工智成加油站', 1, 'F'),
(685, '臺中市', '北屯區', '台中市北屯區北屯路436號', 24.17954319852667, 120.70123097403005, 'G1', '北屯加油站', 1, '0700-2200'),
(686, '臺中市', '北屯區', '台中市北屯區文心路四段119號', 24.17407841891909, 120.6744489278631, 'G1', '青島路加油站', 1, 'F'),
(687, '臺中市', '北屯區', '台中市北屯區昌平路一段95號', 24.1708107284671, 120.6909443562341, 'G1', '昌平路加油站', 1, '0700-2200'),
(688, '臺中市', '北屯區', '台中市北屯區東山路一段377之5號', 24.17681279032471, 120.72795691159278, 'G1', '東山路加油站', 1, '0700-2200'),
(689, '臺中市', '北屯區', '台中市北屯區松竹路427號', 24.181625678512958, 120.6888904962907, 'G1', '松竹路加油站', 1, 'F'),
(690, '臺中市', '北屯區', '台中市北屯區文心路4段932號', 24.17091053391509, 120.69407941424033, 'G1', '興安路加油站', 1, 'F'),
(691, '臺中市', '北屯區', '台中市北屯區中清路二段658號', 24.183896138555706, 120.66534337189731, 'G1', '水湳加油站', 1, 'F'),
(692, '臺中市', '北屯區', '台中市北屯區同樂巷23之6號', 24.20145867789233, 120.68287397697058, 'G1', '鯨世界仁美加油站', 1, 'F'),
(693, '臺中市', '北屯區', '台中市北屯區太原路三段388號', 24.164805004992203, 120.69446684188497, 'G1', '太原加油站', 1, 'F'),
(694, '臺中市', '北屯區', '台中市北屯區軍功路二段526號', 24.185255911898956, 120.7190002217062, 'G1', '全國軍功加油站', 1, 'F'),
(695, '臺中市', '北屯區', '台中市北屯區崇德路二段19號', 24.168960504690386, 120.68501910506673, 'G1', '崇德加油站', 1, 'F'),
(696, '臺中市', '北屯區', '台中市北屯區崇德路三段1000號', 24.205125104397, 120.686751473855, 'G1', '全國台中仁美加油站', 1, 'F'),
(697, '臺中市', '北屯區', '台中市北屯區崇德路二段36號', 24.16955930946839, 120.68543175016534, 'G1', '全國昌平加油站', 1, 'F'),
(698, '臺中市', '北屯區', '台中市北屯區環中路一段1200號', 24.2014845017697, 120.67018370262474, 'G1', '南北通加油站', 1, 'F'),
(699, '臺中市', '北屯區', '台中市北屯區崇德路三段595號', 24.19458271321505, 120.68627085554466, 'G1', '豐樂加油站', 1, 'F'),
(700, '臺中市', '北屯區', '台中市北屯區松竹路一段640號', 24.182366703989054, 120.71925544222523, 'G1', '全國大坑加油站', 1, 'F'),
(701, '臺中市', '北屯區', '台中市北屯區崇德15路40號', 24.194669814376205, 120.6866684115972, 'G1', '安泰加油站', 1, 'F'),
(702, '臺中市', '北屯區', '台中市北屯區梅川東路五段146號', 24.179072789081108, 120.68211014343098, 'G1', '梅川東路加油站', 1, 'F'),
(703, '臺中市', '北屯區', '中市北屯區中清路二段1012號', 24.189539781846122, 120.66196178546224, 'G1', '全國中清加油站', 1, 'F'),
(704, '臺中市', '北屯區', '台中市北屯區文心路四段891號', 24.171306211518306, 120.69381749215658, 'G1', '山隆加油站文心站', 1, 'F'),
(705, '臺中市', '北屯區', '台中市北屯區文心路四段613號', 24.1723383220099, 120.68569587144316, 'G1', '福懋文心路加油站', 1, 'F'),
(706, '臺中市', '北屯區', '台中市北屯區軍功路2段168號', 24.179264060075667, 120.71973601609498, 'G1', '信毅加油站', 1, 'F'),
(707, '臺中市', '北屯區', '台中市北屯區北屯路211號', 24.1645074097232, 120.6937744054881, 'G1', '山隆加油站北屯站', 1, 'F'),
(708, '臺中市', '北屯區', '台中市北屯區環中路一段79號', 24.20067720708028, 120.69404483997423, 'G1', '仁美加油站', 1, '0630-2200'),
(709, '臺中市', '北屯區', '台中市北屯區崇德路二段19號', 24.168960241969625, 120.6850180002625, 'G1', '東虹崇德加油站', 1, 'F'),
(710, '臺中市', '大里區', '台中市大里區內新里中興路2段186號', 24.1011014028977, 120.68822433425588, 'G1', '大義加油站', 1, 'F'),
(711, '臺中市', '大里區', '台中市大里區樹王里文心南路1120號', 24.108849313372563, 120.662416791463, 'G1', '全國大里加油站', 1, 'F'),
(712, '臺中市', '大里區', '台中市大里區樹王里文心南路1151號', 24.1082639723509, 120.662495426124, 'G1', '統一精工樹王加油站', 1, 'F'),
(713, '臺中市', '大里區', '台中市大里區大元里國中路285號', 24.095505101224, 120.680299895006, 'G1', '統一精工大里三站加油站', 1, '0630-2130'),
(714, '臺中市', '大里區', '台中市大里區環河路1段230號', 24.08598117886249, 120.67622423390883, 'G1', '全勝加油站', 1, '0700-2200'),
(715, '臺中市', '大里區', '台中市大里區中興路二段691號', 24.11723529983603, 120.68930068174022, 'G1', '南門橋加油站', 1, '0700-2200'),
(716, '臺中市', '大里區', '台中市大里區內新里中興路2段412號', 24.108128276490266, 120.68998960202208, 'G1', '統一精工大里二站加油站', 1, 'F'),
(717, '臺中市', '大里區', '台中市大里區國光路1段71號', 24.09678459694599, 120.68451699187091, 'G1', '山隆大里加油站', 1, '0630-2230'),
(718, '臺中市', '大里區', '台中市大里區大元里國光路1段88號', 24.097943398477955, 120.6837987953108, 'G1', '金達加油站', 1, 'F'),
(719, '臺中市', '大里區', '台中市大里區仁化里仁化路345號', 24.095284412063677, 120.7064422090399, 'G1', '佑晟加油站', 1, '0700-2200'),
(720, '臺中市', '大里區', '台中市大里區中興路1段294號', 24.08862074763882, 120.69564484156386, 'G1', '統一精工大里加油站', 1, 'F'),
(721, '臺中市', '大里區', '台中市大里區西湖里大峰路68號', 24.075707100231504, 120.68988431823405, 'G1', '西湖加油站', 1, '0630-2230'),
(722, '臺中市', '大里區', '台中市大里區東湖里中興路1段109之1號', 24.083317675728857, 120.69709856860756, 'G1', '東湖加油站', 1, 'F'),
(723, '臺中市', '大里區', '台中市大里區新仁里新仁路1段71之38號', 24.111654745139273, 120.70625666706924, 'G1', '立新加油站', 1, '0630-2200'),
(724, '臺中市', '大里區', '台中市大里區仁化里仁化路686號', 24.09536064803892, 120.69448990806782, 'G1', '仁化加油站', 1, '0630-2230'),
(725, '臺中市', '大里區', '台中市大里區仁化里仁化路678號', 24.096356141934095, 120.69539822801195, 'G1', '仁友加油站', 1, '0700-2230'),
(726, '臺中市', '大里區', '台中市大里區西湖里大峰路415號', 24.08513480792903, 120.68763945899501, 'G1', '大峰加油站', 1, 'F'),
(727, '臺中市', '大里區', '台中市大里區西湖里大峰路135號', 24.076927077752224, 120.68904872302262, 'G1', '明維加油站', 1, 'F'),
(728, '臺中市', '大里區', '台中市大里區大里里德芳南路251號', 24.1022802661671, 120.68697112708357, 'G1', '德芳加油站', 1, 'F'),
(729, '臺中市', '大里區', '台中市大里區健民里鳳凰路50號', 24.09515668361605, 120.71689748735321, 'G1', '台糖鳳凰加油站', 1, '0630-2230'),
(730, '臺中市', '大里區', '台中市大里區樹王路50之10之15號', 24.10557024922524, 120.67195293340441, 'G1', '全國樹王加油站', 1, 'F'),
(731, '臺中市', '大里區', '台中市大里區東興里大明路482號', 24.115131133451378, 120.67493026744285, 'G1', '大勝加油站', 1, '0700-2300'),
(732, '臺中市', '豐原區', '台中市豐原區南村里圓環東路850號', 24.2549114134089, 120.7300534367298, 'G1', '圓環東路加油站', 1, 'F'),
(733, '臺中市', '豐原區', '台中市豐原區鐮里里鐮里路186號', 24.23103416263289, 120.72416317146899, 'G1', '福懋豐原加油站', 1, 'F'),
(734, '臺中市', '豐原區', '台中市豐原區三村里西勢路512之1號', 24.238102309127328, 120.70285813411397, 'G1', '西勢路加油站', 1, '0600-2300'),
(735, '臺中市', '豐原區', '台中市豐原區圓環東路152號', 24.243155873853073, 120.71845521574257, 'G1', '豐南加油站', 1, '0700-2300'),
(736, '臺中市', '豐原區', '台中市豐原區鐮里路462號', 24.22578488717329, 120.72426216864409, 'G1', '中豐路加油站', 1, '0600-2200'),
(737, '臺中市', '豐原區', '台中市豐原區中山路82號', 24.23781924241625, 120.710911387539, 'G1', '豐源加油站', 1, 'F'),
(738, '臺中市', '豐原區', '台中市豐原區翁子里豐勢路2段562號', 24.267015228726695, 120.74850239466043, 'G1', '順勢加油站', 1, 'F'),
(739, '臺中市', '豐原區', '台中市豐原區中陽里圓環東路651號', 24.25117147350689, 120.7285543052876, 'G1', '向陽加油站', 1, 'F'),
(740, '臺中市', '豐原區', '台中市豐原區社皮里大豐路5段136號', 24.241455296855833, 120.69690403262193, 'G1', '大億加油站', 1, '0700-2200'),
(741, '臺中市', '豐原區', '台中市豐原區三里里西勢路495號', 24.237467730276716, 120.70240656735757, 'G1', '合作加油站', 1, 'F'),
(742, '臺中市', '豐原區', '台中市豐原區豐勢路1段526號', 24.25896767451927, 120.73296660052151, 'G1', '全國豐勢加油站', 1, 'F'),
(743, '臺中市', '豐原區', '台中市豐原區東湳里三豐路1012號', 24.27742636770092, 120.72243807779705, 'G1', '全國三豐路加油站', 1, '0700-2300'),
(744, '臺中市', '豐原區', '台中市豐原區豐勢路一段588號', 24.259828568720796, 120.73461697609105, 'G1', '翁子加油站', 1, 'F'),
(745, '臺中市', '豐原區', '台中市豐原區三豐路一段432號', 24.262857115226094, 120.72038550423187, 'G1', '豐原大湳加油站', 1, 'F'),
(746, '臺中市', '豐原區', '台中市豐原區三豐路二段345號', 24.27227019124114, 120.72166598478874, 'G1', '台大豐原加油站', 1, '0600-2300'),
(747, '臺中市', '太平區', '台中市太平區太平路137號', 24.119896411623273, 120.72132666282918, 'G1', '太平長億路加油站', 1, '0700-2200'),
(748, '臺中市', '太平區', '台中市太平區中山里中山路2段299號', 24.150199700376156, 120.73113535992736, 'G1', '坪林加油站', 1, '0630-2230'),
(749, '臺中市', '太平區', '台中市太平區中興里東平路828號', 24.133607156965997, 120.71603479626823, 'G1', '新平加油站', 1, 'F'),
(750, '臺中市', '太平區', '台中市太平區新光里中山路4段20號', 24.149828949216246, 120.71312880546107, 'G1', '宜鑫加油站', 1, 'F'),
(751, '臺中市', '太平區', '台中市太平區東平里東平路85號', 24.134334556944307, 120.73395724762874, 'G1', '東平加油站', 1, '0700-2200'),
(752, '臺中市', '太平區', '台中市太平區東平里中山路1段116號', 24.137796948461407, 120.7326068595038, 'G1', '金旺加油站', 1, 'F'),
(753, '臺中市', '太平區', '台中市太平區東平里東平路198號', 24.135025941068953, 120.73068929941515, 'G1', '新益加油站', 1, '0630-2230'),
(754, '臺中市', '太平區', '台中市太平區光隆里光德路500號', 24.108666504947376, 120.7252957133226, 'G1', '德隆加油站', 1, '0700-2200'),
(755, '臺中市', '太平區', '台中市太平區興隆里光興路835號', 24.11231056002414, 120.73086038137303, 'G1', '大城加油站', 1, '0700-2300'),
(756, '臺中市', '太平區', '台中市太平區太平里永豐路300號', 24.115149909458545, 120.70388926524616, 'G1', '勁強加油站', 1, '0630-2230'),
(757, '臺中市', '太平區', '台中市太平區樹德路255號', 24.157763401132176, 120.7125181588246, 'G1', '樹德加油站', 1, 'F'),
(758, '臺中市', '太平區', '台中市太平區德隆里工業路112號', 24.10200036429461, 120.71714238089918, 'G1', '台糖德隆加油站', 1, '0630-2200'),
(759, '臺中市', '太平區', '台中市太平區太平路651號', 24.126635246086185, 120.71090341752145, 'G1', '太平加油站', 1, 'F'),
(760, '臺中市', '和平區', '台中市和平區中正路224號', 24.254692387867404, 121.24642523569695, 'G1', '梨山加油站', 1, '0700-1800'),
(761, '臺中市', '和平區', '台中市和平區東關路三段5號', 24.168969801639093, 120.90365382155613, 'G1', '和平加油站', 1, '0700-1700'),
(762, '臺中市', '東勢區', '台中市東勢區豐勢路678號', 24.261726068347564, 120.82372566390148, 'G1', '東勢加油站', 1, 'F'),
(763, '臺中市', '東勢區', '台中市東勢區東關路四段1298號', 24.190620068918005, 120.84025906343876, 'G1', '東成加油站', 1, '0600-2200'),
(764, '臺中市', '東勢區', '台中市東勢區東關路七段486號', 24.25751302196665, 120.82454362369681, 'G1', '東錡加油站', 1, 'F'),
(765, '臺中市', '東勢區', '台中市東勢區詒福里東關路496號', 24.22832312327129, 120.83724869766968, 'G1', '億富加油站', 1, '0600-2200'),
(766, '臺中市', '東勢區', '423台中市東勢區東關路六段706號', 24.230505344139672, 120.83702921076006, 'G1', '山隆東勢加油站', 1, '0600-2200'),
(767, '臺中市', '后里區', '台中市后里區三豐路四段269號', 24.315690287515533, 120.72387030395805, 'G1', '后里加油站', 1, 'F'),
(768, '臺中市', '后里區', '台中市后里區墩南里南里路263號', 24.296601211960965, 120.71603368901901, 'G1', '內埔加油站', 1, '0630-2130'),
(769, '臺中市', '后里區', '台中市后里區甲后路一段1009號', 24.31104359702906, 120.70878920837971, 'G1', '順里發加油站', 1, '0630-2230'),
(770, '臺中市', '后里區', '420台中市后里區三豐路三段640號', 24.29776625602157, 120.72376287490556, 'G1', '台糖七星加油站', 1, 'F'),
(771, '臺中市', '后里區', '台中市后里區三豐路三段699號', 24.301326304059838, 120.72252350216988, 'G1', '光陽加油站', 1, 'F'),
(772, '臺中市', '后里區', '台中市后里區公館里三豐路445之16號', 24.300280214826767, 120.72313271882186, 'G1', '豐裕加油站', 1, 'F'),
(773, '臺中市', '后里區', '台中市后里區墩北里甲后路768之20號', 24.31155090799064, 120.70670902290404, 'G1', '眉山加油站', 1, '0700-2200'),
(774, '臺中市', '后里區', '台中市后里區甲后路二段277號', 24.31302302022125, 120.69640299712613, 'G1', '台糖月眉加油站', 1, '0630-2230'),
(775, '臺中市', '后里區', '台中市后里區甲后路二段695號', 24.314874423235686, 120.68580526968023, 'G1', '馬拉加油站', 1, '0630-2230'),
(776, '臺中市', '外埔區', '台中市外埔區甲后路五段9號', 24.3416883622303, 120.63870097491706, 'G1', '甲東加油站', 1, 'F'),
(777, '臺中市', '外埔區', '台中市外埔區大同里甲后路187號', 24.3273555620491, 120.65767459342207, 'G1', '甲后路加油站', 1, 'F'),
(778, '臺中市', '外埔區', '台中市外埔區中山里大馬路188號', 24.339858016249234, 120.66094814820579, 'G1', '合鋒加油站', 1, '0700-2200'),
(779, '臺中市', '大甲區', '台中市大甲區中山路一段1120號', 24.35507713686829, 120.63184988288184, 'G1', '大甲加油站', 1, 'F'),
(780, '臺中市', '大甲區', '台中市大甲區經國路1666號', 24.366302260420134, 120.6421821109065, 'G1', '大甲日南加油站', 1, '0700-2100'),
(781, '臺中市', '大甲區', '台中市大甲區文曲里中山路1段61號', 24.325548724299413, 120.60780059435781, 'G1', '全國大甲橋加油站', 1, '0600-2200'),
(782, '臺中市', '大甲區', '台中市大甲區龍泉里中山路2段847號', 24.39665714589335, 120.64712475606491, 'G1', '幼獅加油站', 1, '0630-2250'),
(783, '臺中市', '大甲區', '台中市大甲區孟春里經國路2205號', 24.38811116181377, 120.65085628057928, 'G1', '中南加油站', 1, 'F'),
(784, '臺中市', '大甲區', '台中市大甲區新美里經國路97號', 24.342082177901858, 120.61738326650706, 'G1', '順天加油站', 1, 'F'),
(785, '臺中市', '大甲區', '台中市大甲區奉化里經國路921號', 24.35618326215167, 120.62065693514326, 'G1', '建利加油站', 1, '0600-2200'),
(786, '臺中市', '大甲區', '台中市大甲區中山路1段1545號', 24.362403978650704, 120.6386887374538, 'G1', '鐵砧山加油站', 1, 'F'),
(787, '臺中市', '大甲區', '台中市大甲區臨江路162之10號', 24.412216395506444, 120.6157738902472, 'G1', '建興加油站', 1, '0630-2130'),
(788, '臺中市', '大甲區', '台中市大甲區岷山里中山路1段916號', 24.350603718989376, 120.62755443085197, 'G1', '福懋大甲加油站', 1, 'F'),
(789, '臺中市', '大甲區', '台中市大甲區義和里中山路1段306號', 24.33334636056012, 120.61475256235987, 'G1', '福懋三益加油站', 1, 'F'),
(790, '臺中市', '大安區', '台中市大安區中山南路193號', 24.343370757740427, 120.58896154604925, 'G1', '大安加油站', 1, 'F'),
(791, '臺中市', '清水區', '台中市清水區中山路507之18號', 24.27779144734088, 120.57849151461568, 'G1', '清水加油站', 1, 'F'),
(792, '臺中市', '清水區', '台中市清水區海濱里臨港路6段1號', 24.289653209313133, 120.54011255407224, 'G1', '台中港加油站', 1, 'F'),
(793, '臺中市', '清水區', '台中市清水區田寮里高美路96號', 24.27855894010371, 120.5755401775476, 'G1', '祝福加油站', 1, '0600-2200'),
(794, '臺中市', '清水區', '台中市清水區菁埔里中華北路200號', 24.309134869207554, 120.59969056010291, 'G1', '甲南加油站', 1, '0630-2100'),
(795, '臺中市', '清水區', '台中市清水區海濱里臨海路46之45號', 24.290943330292542, 120.5428781652809, 'G1', '北堤加油站', 1, 'F'),
(796, '臺中市', '清水區', '台中市清水區頂湳里中山路536之32號', 24.29501162868785, 120.59043799213313, 'G1', '山隆頂湳加油站', 1, '0600-2200'),
(797, '臺中市', '清水區', '台中市清水區臨港路六段286號', 24.293292631240927, 120.55132831421197, 'G1', '山隆清水加油站', 1, 'F'),
(798, '臺中市', '清水區', '台中市清水區海濱里港埠路4段725號', 24.2930551011768, 120.55166675993131, 'G1', '山隆梧棲加油站', 1, 'F'),
(799, '臺中市', '清水區', '台中市清水區菁埔里中華北路299號', 24.31080347643195, 120.60241725959168, 'G1', '詠安加油站', 1, 'F'),
(800, '臺中市', '清水區', '台中市清水區武鹿里港埠路4段288號', 24.28530767756913, 120.55014532986776, 'G1', '黃金海岸加油站', 1, '0600-2200'),
(801, '臺中市', '神岡區', '台中市神岡區中山路88號', 24.24872794562212, 120.69632539449536, 'G1', '豐原交流道加油站', 1, 'F'),
(802, '臺中市', '神岡區', '台中市神岡區北庄里中山路1130號', 24.25659547552645, 120.67094246488352, 'G1', '神崗加油站', 1, 'F'),
(803, '臺中市', '神岡區', '台中市神岡區社南里民生路119號', 24.241597302544395, 120.67611789289148, 'G1', '台大神岡加油站', 1, '0600-2300'),
(804, '臺中市', '神岡區', '台中市神岡區北庄里中山路1221號', 24.2573811215023, 120.66697318879301, 'G1', '全國神岡加油站', 1, '0700-2300'),
(805, '臺中市', '神岡區', '台中市神岡區豐洲里豐洲路535號', 24.262498850193417, 120.70255554753321, 'G1', '豐洲加油站', 1, '0600-2400'),
(806, '臺中市', '神岡區', '台中市神岡區岸裡里中山路1號', 24.248714559875147, 120.69904735033458, 'G1', '瑞豐加油站', 1, 'F'),
(807, '臺中市', '神岡區', '台中市神岡區社南里中山路255號', 24.248245528552108, 120.69301743373224, 'G1', '全國豐原交流道加油站', 1, 'F'),
(808, '臺中市', '神岡區', '台中市神岡區三角里崇德路119號', 24.23194373891428, 120.69098528186983, 'G1', '崇德路加油站', 1, '0600-2200'),
(809, '臺中市', '神岡區', '台中市神岡區三民路510號', 24.271125553362786, 120.66064264508198, 'G1', '福懋三民加油站', 1, 'F'),
(810, '臺中市', '石岡區', '台中市石岡區石岡里豐勢路1322號', 24.277373585728228, 120.7638778939819, 'G1', '石岡加油站', 1, 'F'),
(811, '臺中市', '石岡區', '台中市石岡區和盛里豐勢路29號', 24.260312563621966, 120.81576354983244, 'G1', '土牛加油站', 1, '0600-2200'),
(812, '臺中市', '石岡區', '台中市石岡區明德路2號', 24.274648937953504, 120.78169542610932, 'G1', '石岡豐勢路加油站', 1, 'F'),
(813, '臺中市', '石岡區', '台中市石岡區金星里明德路195號', 24.274922526219186, 120.77191738528037, 'G1', '統一精工石岡加油站', 1, 'F'),
(814, '臺中市', '新社區', '台中市新社區中興里中興嶺425號', 24.21056817337671, 120.79564012256945, 'G1', '統一精工新社加油站', 1, '0600-2200'),
(815, '臺中市', '新社區', '台中市新社區中正里中和街5段35號', 24.25004995303209, 120.80909838254902, 'G1', '新社中和街加油站', 1, '0600-2200'),
(816, '臺中市', '新社區', '台中市新社區中和街五段58號', 24.249950183069494, 120.80888428873277, 'G1', '新社加油站', 1, '0630-2130'),
(817, '臺中市', '梧棲區', '台中市梧棲區永安里臨港路三段70號', 24.228106481065105, 120.51387954902, 'G1', '台亞關連加油站', 1, 'F'),
(818, '臺中市', '梧棲區', '台中市梧棲區港埠路1段601號', 24.237670197653756, 120.53066893030477, 'G1', '慶和加油站', 1, '0630-2230'),
(819, '臺中市', '梧棲區', '台中市梧棲區中華路1段538號', 24.228281400549836, 120.54592445932704, 'G1', '中華加油站', 1, '0630-2300'),
(820, '臺中市', '梧棲區', '台中市梧棲區中華路1段679號', 24.231704917399906, 120.54611450246371, 'G1', '加豐加油站', 1, '0630-2230'),
(821, '臺中市', '梧棲區', '台中市梧棲區草湳里自立路571號', 24.243672393557112, 120.5274577620524, 'G1', '山隆加油站', 1, 'F'),
(823, '臺中市', '梧棲區', '台中市梧棲區港埠路二段68號', 24.252833346993743, 120.53773773039117, 'G1', '中正加油站', 1, '0600-2300'),
(824, '臺中市', '梧棲區', '台中市梧棲區八德路2號', 24.26079598639187, 120.53206509488366, 'G1', '梧棲加油站', 1, 'F'),
(825, '臺中市', '沙鹿區', '台中市沙鹿區臺灣大道7段391號', 24.231425501303246, 120.57277256746458, 'G1', '沙鹿加油站', 1, 'F'),
(826, '臺中市', '沙鹿區', '台中市沙鹿區台灣大道六段808號', 24.211207296986224, 120.58164886589385, 'G1', '洽維加油站', 1, 'F'),
(827, '臺中市', '沙鹿區', '台中市沙鹿區中清路六段489號', 24.24894534455966, 120.60213712563757, 'G1', '清泉加油站', 1, 'F'),
(828, '臺中市', '沙鹿區', '台中市沙鹿區台灣大道六段310號', 24.198390518810317, 120.58085645141173, 'G1', '金忠加油站', 1, 'F'),
(829, '臺中市', '沙鹿區', '台中市沙鹿區台灣大道六段259號', 24.19766156561848, 120.5801337073632, 'G1', '全國中港路加油站', 1, 'F'),
(830, '臺中市', '沙鹿區', '台中市沙鹿區福興里鎮南路2段505號', 24.23274015158778, 120.56405817410891, 'G1', '鎮南加油站', 1, 'F'),
(831, '臺中市', '沙鹿區', '台中市沙鹿區犁份里中山路24之48號', 24.244113423468153, 120.58251330459088, 'G1', '瑞國加油站', 1, '0700-1800'),
(832, '臺中市', '沙鹿區', '台中市沙鹿區明德路375號', 24.24972514771651, 120.58212781587397, 'G1', '台大沙鹿加油站', 1, 'F'),
(833, '臺中市', '沙鹿區', '台中市沙鹿區居仁里光華路282號', 24.240575685957115, 120.5649993716837, 'G1', '寶成加油站', 1, 'F'),
(834, '臺中市', '沙鹿區', '台中市沙鹿區黎分里三民路400號', 24.247349225788334, 120.57532745268443, 'G1', '沙鹿交流道加油站', 1, 'F'),
(835, '臺中市', '沙鹿區', '台中市沙鹿區居仁里光華路279號', 24.240600211664603, 120.56464224241121, 'G1', '巨業加油站', 1, 'F'),
(836, '臺中市', '沙鹿區', '台中市沙鹿區向上路七段600號', 24.21273701255476, 120.556686057982, 'G1', '山隆沙鹿加油站', 1, 'F'),
(837, '臺中市', '沙鹿區', '台中市沙鹿區西勢里中清路7段376號', 24.250343164781153, 120.58229002419579, 'G1', '鯨世界沙鹿交流道加油站', 1, '0600-2200'),
(838, '臺中市', '沙鹿區', '台中市沙鹿區向上路七段301號', 24.2087341290647, 120.5608135726923, 'G1', '中興路加油站', 1, 'F'),
(839, '臺中市', '大雅區', '台中市大雅區六寶里中清路4段519號', 24.234119213201026, 120.63708760291193, 'G1', '建發科雅加油站', 1, 'F'),
(840, '臺中市', '大雅區', '台中市大雅區雅楓里民生路3段260號', 24.232138202421098, 120.66179966253819, 'G1', '楓騰加油站', 1, 'F'),
(841, '臺中市', '大雅區', '台中市大雅區中清路三段801號', 24.21361757087151, 120.64957004202314, 'G1', '中清交流道加油站', 1, 'F'),
(842, '臺中市', '大雅區', '台中市大雅區中清路三段951號', 24.217987616822487, 120.64856096155756, 'G1', '大雅中清路加油站', 1, 'F'),
(843, '臺中市', '大雅區', '台中市大雅區西寶里昌平路3段707號', 24.21448969802795, 120.66885149148072, 'G1', '元寶加油站', 1, 'F'),
(844, '臺中市', '大雅區', '台中市大雅區雅潭路四段182號', 24.21848862806872, 120.66429455108856, 'G1', '馬岡加油站', 1, 'F'),
(845, '臺中市', '大雅區', '台中市大雅區上楓里民生路4段239號', 24.239124314653154, 120.6716502763173, 'G1', '全國上楓加油站', 1, 'F'),
(846, '臺中市', '大雅區', '台中市大雅區中清路四段259號', 24.229829471650284, 120.64135595893622, 'G1', '山隆大雅加油站', 1, '0630-2230'),
(847, '臺中市', '大雅區', '台中市大雅區中清路三段658號', 24.210118213404648, 120.65134562668179, 'G1', '中雅加油站', 1, '0630-2300'),
(848, '臺中市', '大雅區', '台中市大雅區員林里民生路2段1號', 24.22956507213291, 120.65446388785377, 'G1', '福懋大雅加油站', 1, 'F'),
(849, '臺中市', '潭子區', '台中市潭子區中山路三段409號', 24.231587210230934, 120.70856845245495, 'G1', '潭子加油站', 1, '0600-2300'),
(850, '臺中市', '潭子區', '台中市潭子區東寶里崇德路4段1號', 24.20530158595125, 120.68633798383414, 'G1', '鴻陞加油站', 1, 'F'),
(851, '臺中市', '潭子區', '台中市潭子區頭家里中山路1段229號', 24.197110764087505, 120.70236910040792, 'G1', '美得潭子加油站', 1, '0630-0100'),
(852, '臺中市', '潭子區', '台中市潭子區中山路三段249號', 24.226532351978282, 120.70756143443663, 'G1', '豐潭加油站', 1, '0700-2200'),
(853, '臺中市', '潭子區', '台中市潭子區豐興路2段376號', 24.213792740471924, 120.72293355709338, 'G1', '新田加油站', 1, '0600-2200'),
(854, '臺中市', '潭子區', '台中市潭子區潭陽里潭興路3段1號', 24.211399287460765, 120.70517753291732, 'G1', '統一精工潭子加油站', 1, 'F'),
(855, '臺中市', '潭子區', '台中市潭子區東寶里雅潭路2段107號', 24.215799184155124, 120.69441688873715, 'G1', '雅潭加油站', 1, 'F'),
(856, '臺中市', '龍井區', '台中市龍井區沙田路四段175號', 24.20223709847609, 120.53865221416173, 'G1', '龍井加油站', 1, 'F'),
(857, '臺中市', '龍井區', '台中市龍井區忠和里臨港路2段54號', 24.2166110483697, 120.50892125561333, 'G1', '台灣加油站中港站', 1, 'F'),
(858, '臺中市', '龍井區', '台中市龍井區台灣大道五段376號', 24.186906375652796, 120.58465615972969, 'G1', '全國龍井加油站', 1, 'F'),
(859, '臺中市', '龍井區', '台中市龍井區臺灣大道6段75號', 24.191637926730397, 120.579503188628, 'G1', '統徠一站加油站', 1, '0730-2130'),
(860, '臺中市', '龍井區', '台中市龍井區龍泉里中華路2段88號', 24.19568941628977, 120.537110831022, 'G1', '洽維龍井加油站', 1, 'F'),
(861, '臺中市', '龍井區', '台中市龍井區龍津里中華路2段15號', 24.194585199016004, 120.53579208734725, 'G1', '龍鑫加油站', 1, '0600-2045'),
(862, '臺中市', '龍井區', '台中市龍井區竹坑里中華路1段38號', 24.176182081789545, 120.5435765590171, 'G1', '山隆竹坑加油站', 1, '0630-2130'),
(863, '臺中市', '龍井區', '台中市龍井區山腳里中華路2段506號', 24.210046886127927, 120.54044010421518, 'G1', '元井加油站', 1, '0630-2110'),
(864, '臺中市', '龍井區', '台中市龍井區龍泉里中華路2段336號', 24.202235513921117, 120.53865232080538, 'G1', '長玖加油站', 1, '0700-1900'),
(865, '臺中市', '龍井區', '台中市龍井區新庄里遊園南路362-1號', 24.17777852672225, 120.58245752634728, 'G1', '福懋龍井加油站', 1, 'F'),
(866, '臺中市', '龍井區', '台中市龍井區向上路6段650號', 24.18907369668831, 120.57366346829266, 'G1', '中龍加油站', 1, 'F'),
(867, '臺中市', '大肚區', '台中市大肚區沙田路二段222號', 24.140216082006457, 120.54978754691842, 'G1', '大肚加油站', 1, 'F'),
(868, '臺中市', '大肚區', '台中市大肚區頂街里沙田路3段247號', 24.15970142179459, 120.54344191740537, 'G1', '山隆大肚加油站', 1, 'F'),
(869, '臺中市', '大肚區', '台中市大肚區新興里沙田路2段249號', 24.140741069334084, 120.54907182363496, 'G1', '全國大肚加油站', 1, 'F'),
(870, '臺中市', '大肚區', '台中市大肚區沙田路一段167號', 24.119673342295076, 120.5735566750101, 'G1', '追分加油站', 1, '0700-2200'),
(871, '臺中市', '大肚區', '台中市大肚區中蔗路2之56號', 24.16822326790533, 120.58274672586951, 'G1', '中蔗站', 1, 'F'),
(872, '臺中市', '大肚區', '台中市大肚區沙田路1段158號', 24.119774975226875, 120.57465738950035, 'G1', '國祥加油站', 1, 'F'),
(873, '臺中市', '大肚區', '台中市大肚區向上路五段1202號', 24.168299821923878, 120.58368620987073, 'G1', '統一精工大肚加油站', 1, 'F'),
(874, '臺中市', '烏日區', '台中市烏日區中山路一段539號', 24.109163433313455, 120.6242149042605, 'G1', '烏日加油站', 1, 'F'),
(875, '臺中市', '烏日區', '台中市大里區文心南路1151號', 24.108266007123692, 120.66249403005204, 'G1', '統一精工烏日加油站', 1, 'F'),
(876, '臺中市', '烏日區', '台中市烏日區榮泉里中山路3段1165號', 24.113380100345335, 120.59002028326648, 'G1', '鯨世界成功一加油站', 1, 'F'),
(877, '臺中市', '烏日區', '台中市烏日區三和里中山路3段422號', 24.11021301521593, 120.60284050551006, 'G1', '鯨世界成功二加油站', 1, 'F'),
(878, '臺中市', '烏日區', '台中市烏日區中山路3段1311號', 24.111441067253644, 120.58422944897222, 'G1', '全國烏日加油站', 1, '0700-2300'),
(879, '臺中市', '烏日區', '台中市烏日區前竹里中山路1段187號', 24.10969118467434, 120.64506201574378, 'G1', '台亞九張犁加油站', 1, '0600-2200'),
(880, '臺中市', '烏日區', '台中市烏日區溪埧里環中路8段378號', 24.081597717018184, 120.64758558566024, 'G1', '烏日溪南加油站', 1, 'F'),
(881, '臺中市', '烏日區', '台中市烏日區三和里學田路300號', 24.116087370760035, 120.60874283896331, 'G1', '三和加油站', 1, 'F'),
(882, '臺中市', '烏日區', '台中市烏日區溪埧里環中路8段601號', 24.077327151981173, 120.6477556541895, 'G1', '溪南東站加油站', 1, 'F'),
(883, '臺中市', '烏日區', '台中市烏日區建國路265號', 24.109162774164908, 120.62421493456917, 'G1', '烏日高鐵站加油站', 1, '0700-2100'),
(884, '臺中市', '烏日區', '台中市烏日區九德里中山路1段668號', 24.10574762457999, 120.63250570631716, 'G1', '金永勝加油站', 1, '0600-2400'),
(885, '臺中市', '烏日區', '台中市烏日區五光里五光路279號', 24.093148257658484, 120.64826314118822, 'G1', '五張犁加油站', 1, 'F'),
(886, '臺中市', '烏日區', '台中市烏日區榮泉路252號', 24.11241299614129, 120.59436162415349, 'G1', '成功嶺加油站', 1, '0700-2200'),
(887, '臺中市', '霧峰區', '台中市霧峰區中正路784號', 24.060965830084637, 120.69832978893585, 'G1', '霧峰加油站', 1, '0700-2200'),
(888, '臺中市', '霧峰區', '台中市霧峰區林森路455號', 24.061189730497762, 120.69508094603364, 'G1', '霧峰林森路加油站', 1, 'F'),
(889, '臺中市', '霧峰區', '台中市霧峰區中正路93號', 24.020008464220926, 120.6959362714505, 'G1', '萬豐加油站', 1, '0630-2330'),
(890, '臺中市', '霧峰區', '台中市霧峰區吉峰里吉峰路225號', 24.07659752941256, 120.71553394229444, 'G1', '台糖吉峰加油站', 1, '0630-2330'),
(891, '臺中市', '霧峰區', '台中市霧峰區五福里中投西路2段436號', 24.072452846941097, 120.66227601584299, 'G1', '五福加油站', 1, '0700-2200'),
(892, '臺中市', '霧峰區', '台中市霧峰區環河路一段628號', 24.084957100375583, 120.6600345200638, 'G1', '大屯加油站', 1, 'F'),
(893, '臺中市', '霧峰區', '台中市霧峰區五福里中投東路2段320號', 24.07008044613128, 120.66273999756983, 'G1', '中交加油站', 1, '0600-2300'),
(894, '臺中市', '霧峰區', '台中市霧峰區本區里林森路899號', 24.069388073588037, 120.69634007750267, 'G1', '上嘉霧峰加油站', 1, 'F'),
(895, '臺中市', '霧峰區', '台中市霧峰區本堂里中正路577-3號', 24.05385430524303, 120.69587474460596, 'G1', '霧峰交流道加油站', 1, 'F');

-- --------------------------------------------------------

--
-- 資料表結構 `wctype`
--

CREATE TABLE `wctype` (
  `Id` int(10) UNSIGNED NOT NULL,
  `Typeof` varchar(100) NOT NULL
) ENGINE=InnoDB DEFAULT CHARSET=utf8mb4;

--
-- 傾印資料表的資料 `wctype`
--

INSERT INTO `wctype` (`Id`, `Typeof`) VALUES
(1, '男女廁'),
(2, '無障礙廁所'),
(3, '親子廁所'),
(4, '男女廁、無障礙廁所'),
(5, '男女廁、親子廁所'),
(6, '男女廁、無障礙廁所、親子廁所');

--
-- 已傾印資料表的索引
--

--
-- 資料表索引 `classification`
--
ALTER TABLE `classification`
  ADD PRIMARY KEY (`Codename`) USING BTREE;

--
-- 資料表索引 `customerservice`
--
ALTER TABLE `customerservice`
  ADD PRIMARY KEY (`Id`);

--
-- 資料表索引 `member`
--
ALTER TABLE `member`
  ADD PRIMARY KEY (`Id`);

--
-- 資料表索引 `reportstatus`
--
ALTER TABLE `reportstatus`
  ADD PRIMARY KEY (`Id`),
  ADD KEY `Wcid` (`Wcid`);

--
-- 資料表索引 `wc`
--
ALTER TABLE `wc`
  ADD PRIMARY KEY (`Id`),
  ADD KEY `classification_codenamefk` (`Classification`),
  ADD KEY `wctype_typeidfk` (`Type`);

--
-- 資料表索引 `wctype`
--
ALTER TABLE `wctype`
  ADD PRIMARY KEY (`Id`);

--
-- 在傾印的資料表使用自動遞增(AUTO_INCREMENT)
--

--
-- 使用資料表自動遞增(AUTO_INCREMENT) `customerservice`
--
ALTER TABLE `customerservice`
  MODIFY `Id` int(10) UNSIGNED NOT NULL AUTO_INCREMENT;

--
-- 使用資料表自動遞增(AUTO_INCREMENT) `member`
--
ALTER TABLE `member`
  MODIFY `Id` int(10) UNSIGNED NOT NULL AUTO_INCREMENT, AUTO_INCREMENT=2;

--
-- 使用資料表自動遞增(AUTO_INCREMENT) `reportstatus`
--
ALTER TABLE `reportstatus`
  MODIFY `Id` int(10) UNSIGNED NOT NULL AUTO_INCREMENT;

--
-- 使用資料表自動遞增(AUTO_INCREMENT) `wc`
--
ALTER TABLE `wc`
  MODIFY `Id` int(10) UNSIGNED NOT NULL AUTO_INCREMENT, AUTO_INCREMENT=896;

--
-- 使用資料表自動遞增(AUTO_INCREMENT) `wctype`
--
ALTER TABLE `wctype`
  MODIFY `Id` int(10) UNSIGNED NOT NULL AUTO_INCREMENT, AUTO_INCREMENT=7;

--
-- 已傾印資料表的限制式
--

--
-- 資料表的限制式 `reportstatus`
--
ALTER TABLE `reportstatus`
  ADD CONSTRAINT `wc_idfk` FOREIGN KEY (`Wcid`) REFERENCES `wc` (`Id`) ON DELETE NO ACTION ON UPDATE NO ACTION;

--
-- 資料表的限制式 `wc`
--
ALTER TABLE `wc`
  ADD CONSTRAINT `classification_codenamefk` FOREIGN KEY (`Classification`) REFERENCES `classification` (`Codename`),
  ADD CONSTRAINT `wctype_typeidfk` FOREIGN KEY (`Type`) REFERENCES `wctype` (`Id`);
COMMIT;

/*!40101 SET CHARACTER_SET_CLIENT=@OLD_CHARACTER_SET_CLIENT */;
/*!40101 SET CHARACTER_SET_RESULTS=@OLD_CHARACTER_SET_RESULTS */;
/*!40101 SET COLLATION_CONNECTION=@OLD_COLLATION_CONNECTION */;
